doc_key	section_key	baseline_sha256	owner	migrated_sha256	block_total	block_norm	commit	note
architecture-ddd-skill	s001	4a14e6766959aebd3a62e75f54274c52c208e7317915d4ac37d6d9e757025478	prose	-	-	-	-	baseline:census-2026-08-19
architecture-ddd-skill	s002	bf7d72fc2ab6b1e4d33a1105a7b95fd77443816cd404ede197c4445bb222f803	prose	-	-	-	-	baseline:census-2026-08-19
architecture-ddd-skill	s003	6b8ab53baec953a5170d6fb93f10fcdd15e9846ed2ef25b3956ad1e8fffbf7a2	prose	-	-	-	-	baseline:census-2026-08-19
architecture-ddd-skill	s004	1fe481024fa70a2411b882c59f83cbaded91c511edbac56d7918ca481415590e	prose	-	-	-	-	baseline:census-2026-08-19
architecture-ddd-skill	s005	1361fad71d6871cb0c256753d40fb060c3a61ac5210050a8613bc1a269dea123	prose	-	-	-	-	baseline:census-2026-08-19
architecture-ddd-final	s001	c52f7a545043b906828eca3244e3735443aeef8b3bcbf68105c24fbb8cb246b8	prose	-	-	-	-	baseline:census-2026-08-19
architecture-ddd-final	s002-1	64b53b4537e335c6a4b4a87c98432aac79bdac5abbb7dfb44e431f7304816d75	prose	-	-	-	-	baseline:census-2026-08-19
architecture-ddd-final	s003-1.1	76b155d090144035d70bbe9a99de2f8572f0952bb2eb3015b8bab8450293e5db	prose	-	-	-	-	baseline:census-2026-08-19
architecture-ddd-final	s004-1.2	2346c55e38856c0bb5c9def965c8805336311c0302c0168dca2e874654b6fa75	prose	-	-	-	-	baseline:census-2026-08-19
architecture-ddd-final	s005-1.3	877b54a36e5ca466f9a92a193331229a461fbe91991df1dd73f2d0d3a98ad8e0	prose	-	-	-	-	baseline:census-2026-08-19
architecture-ddd-final	s006-2	1ee34d0bbfb9016e728789b785b349f86f8e8e7272e3a68115d4654e6bd65426	prose	-	-	-	-	baseline:census-2026-08-19
architecture-ddd-final	s007-2.1	a9e6a57d5f0522f6181bf3c3d2c7dfd9f08cc4db9709b4eb89fe6d131dec7f10	prose	-	-	-	-	baseline:census-2026-08-19
architecture-ddd-final	s008-2.2	f32892f4cb5b99884643fd733d7a83dbcd8ab6ba72fe4ce5ad7fe8deb7795099	prose	-	-	-	-	baseline:census-2026-08-19
architecture-ddd-final	s009-2.3	66a06400de4f961af8372518f5f0318ecf9a725d1fe61610e2422b01f6f23bdc	prose	-	-	-	-	baseline:census-2026-08-19
architecture-ddd-final	s010-2.4	0e7ad62f010c56a1fa518580d9a6ee17a3f84f82a66c4fc566f7d0f7504012f4	prose	-	-	-	-	baseline:census-2026-08-19
architecture-ddd-final	s011-2.5	8c42437018e9173ed0235f56102c913454cb2c5d65b4f338540808bedee6962c	prose	-	-	-	-	baseline:census-2026-08-19
architecture-ddd-final	s012-2.6	f289867fc1551127c41e2b3043020092b79245adeaec7623ef65c4f458b626f4	prose	-	-	-	-	baseline:census-2026-08-19
architecture-ddd-final	s013-2.7	d625f8b43eeb8544ecbbee321d5b1acd3691fe4cc8c38d5232ba8110968b7e3b	prose	-	-	-	-	baseline:census-2026-08-19
architecture-ddd-final	s014-2.8	331e973b770ff2d2864ef4289484380a4256e5fa5945f4440f7a19e4b5a45814	prose	-	-	-	-	baseline:census-2026-08-19
architecture-ddd-final	s015-3	1c45412fd230500436a11ce201dc5ebe0b77470f01ded873ce4000e5b3ed6428	prose	-	-	-	-	baseline:census-2026-08-19
architecture-ddd-final	s016-3.1	1e38254c2a28300823d1e77bf69bcd5c943f58f797377aef427bc40dc7b75f58	prose	-	-	-	-	baseline:census-2026-08-19
architecture-ddd-final	s017-3.2	f72075797a2748ed7e8440284b5062f8f45b77e10b75fd1ea26988afe7813f92	prose	-	-	-	-	baseline:census-2026-08-19
architecture-ddd-final	s018-3.3	ff84133e3f26aae2618e2a944c23c563df61e153024db697cd733c7b7b382367	prose	-	-	-	-	baseline:census-2026-08-19
architecture-ddd-final	s019	9466d5b51c8d8e1f20c97a47f01fa26664fc3050264a0d43b00e3445419e3d5c	prose	-	-	-	-	baseline:census-2026-08-19
architecture-ddd-final	s020	4f678267882658fa0fc84f2cb47194da536c260541512bd16314fbe9a44a65d6	prose	-	-	-	-	baseline:census-2026-08-19
architecture-ddd-final	s021-3.4	ff4bffcc783b0be8bd2fb7ff68c2ec1ba1a782cad48b4e998afefa7956d5f258	prose	-	-	-	-	baseline:census-2026-08-19
architecture-ddd-final	s022-3.5	af227560fa91bb74b64ef6fc59a81f4e281304e3dcc8591bbe6a0e28560ea4eb	prose	-	-	-	-	baseline:census-2026-08-19
architecture-ddd-final	s023-3.6	c513f6bd242d65eb1efc142cbf3de52498bd7a6ee391e8861f1f93d98b974b7c	prose	-	-	-	-	baseline:census-2026-08-19
architecture-ddd-final	s024-3.7	32c30c16b8c7f2466bacb1f27a4346272da7f698fe7a00f9bd7a08f1b7dea396	prose	-	-	-	-	baseline:census-2026-08-19
architecture-ddd-final	s025	9e697910498454feb355ec4e11f329ea8c92415d64f6cfaed9b2ef976189a06d	prose	-	-	-	-	baseline:census-2026-08-19
architecture-ddd-final	s026	ed3ec39344bf7dc018fe84eedb4a10b38945f445d5c7ae6dd974cf6067ef74ae	prose	-	-	-	-	baseline:census-2026-08-19
architecture-ddd-final	s027-3.8	a3d9290c781fd02b2b0be19217d6e40afda82e4628664b3bb3c68bf1934a7581	prose	-	-	-	-	baseline:census-2026-08-19
architecture-ddd-final	s028-4	bde558f44703b336be722b89625e4d3f7c66fe5c36ee575f27540e5fd4af7cd8	prose	-	-	-	-	baseline:census-2026-08-19
architecture-ddd-final	s029-4.1	9ad00cfc7b3f73a74cd828d41a98b893f3041b969faba666b7345bf29a836985	prose	-	-	-	-	baseline:census-2026-08-19
architecture-ddd-final	s030-4.2	12863377f8731a96a5b81fb0651646735b59d684d100487b8227daab61f3e475	prose	-	-	-	-	baseline:census-2026-08-19
architecture-ddd-final	s031-4.3	01b2632eb5300a2913933f29eac98fd77c2ea87d3df3f9718ad001b74c14da75	prose	-	-	-	-	baseline:census-2026-08-19
architecture-ddd-final	s032-4.4	ae6ef36841208a90e2b365b5b0a223c4d3639671c4b2073243706e5dc55bb7a9	prose	-	-	-	-	baseline:census-2026-08-19
architecture-ddd-final	s033-4.5	9d7d93a75f89e72522beb587f7c180ac8a94581247cf4104586fc08a63b9291e	prose	-	-	-	-	baseline:census-2026-08-19
architecture-ddd-final	s034-4.6	2f2570dc3e9bf831ef7ba64e3a1c473dfa860a071e6cbf749c8e7c0ccac272e0	prose	-	-	-	-	baseline:census-2026-08-19
architecture-ddd-final	s035-5	194045538988b39d10bf280add73e088e260e83f6030f797d7727f009e92145a	prose	-	-	-	-	baseline:census-2026-08-19
architecture-ddd-final	s036-5.1	a2aa1223732e44f4a189ee8bb9e3f1b02d08c0fcf5572f772e922b16b410e69e	prose	-	-	-	-	baseline:census-2026-08-19
architecture-ddd-final	s037-5.2	c9da88577cf5e84aa6e0d03853d06b04f47eccdb07f730ed6ee1aff44399ae95	prose	-	-	-	-	baseline:census-2026-08-19
architecture-ddd-final	s038-5.3	a7eff936bb7d91056b35b5a14c9691848527916cbad6f861b41e9ada68ec64fc	prose	-	-	-	-	baseline:census-2026-08-19
architecture-ddd-final	s039-5.4	2331f593e4eefbd424b1cd2cda7f6012b885f5cc3eeb089cc40b9f5b845e16cb	prose	-	-	-	-	baseline:census-2026-08-19
architecture-ddd-final	s040-5.5	577da04a0cea5d809f5f2d11926310d234cf64101df30ebe82289fa073dac073	prose	-	-	-	-	baseline:census-2026-08-19
architecture-ddd-final	s041-6	74a0672bc28c62b712091ba3348e56f3d256b3d53c41b4c5ba44836b4623b52e	prose	-	-	-	-	baseline:census-2026-08-19
architecture-ddd-final	s042-6.1	015e4538c270bb400e83090c8ebacff5f6762a38b2e37adccffbd2b54755a696	prose	-	-	-	-	baseline:census-2026-08-19
architecture-ddd-final	s043-6.2	56efb2e2db0992c9b7c52f151e568f6208ac7c35323044b472d831ca62719842	prose	-	-	-	-	baseline:census-2026-08-19
architecture-ddd-final	s044-6.3	796f4b69c7c811c2a0692c7dfc79314976341c221fac55b0265f407842b0ad67	prose	-	-	-	-	baseline:census-2026-08-19
architecture-ddd-final	s045-6.4	dfc1c4cdb390d4170dfa6c1c51543d028b0247d80245dcbb1ec2e91ab22b3178	prose	-	-	-	-	baseline:census-2026-08-19
architecture-ddd-final	s046-6.5	27d96d2f005d51fae00c13ba35a838d50ef6a223e8ce5cb10972db4d3f881caf	prose	-	-	-	-	baseline:census-2026-08-19
architecture-ddd-final	s047-6.6	62bd044fd74c0a81c6e5fda75f83a2f3764f21be2f601efed76c5c1134d10b40	prose	-	-	-	-	baseline:census-2026-08-19
architecture-ddd-final	s048-6.7	224e413b84e3ca816aa9b61a5ed0d0a716b7e3d9490c70304717aeecb0e4a36f	prose	-	-	-	-	baseline:census-2026-08-19
architecture-ddd-final	s049-6.8	efae38b707c56e37c10965600a2c9bad03327a8e74a25e8745cf3e96e468d408	prose	-	-	-	-	baseline:census-2026-08-19
architecture-ddd-final	s050-7	f3ee18d53b6ce27adc897619e3fd4ed0103ade578fd4babdbe020ae7ada8c537	prose	-	-	-	-	baseline:census-2026-08-19
architecture-ddd-final	s051-8	f99c8c0d9579d55d756857b2a3349e7e45a0d143d1a58be4828d483059294df0	prose	-	-	-	-	baseline:census-2026-08-19
architecture-ddd-final	s052-9	95a51fa05ce98e993776eeea1602c4ce2fd6301d46df9f3fffff6aa2fd2c3488	prose	-	-	-	-	baseline:census-2026-08-19
architecture-ddd-final	s053	d6ba4ba70f1554688348d2eef470e0587fc40b8aaac6229c0fe6e26d90c83eaf	prose	-	-	-	-	baseline:census-2026-08-19
architecture-ddd-final	s054	f76cc5127045b9cf0d5174b4a4e01b1e8f46d50b6ba113b4a82309839c926588	prose	-	-	-	-	baseline:census-2026-08-19
architecture-ddd-final	s055	897a4e2128eef6d06385eb8a309b8e84fa4beaa4a654dac22468f7cddfc93207	prose	-	-	-	-	baseline:census-2026-08-19
architecture-ddd-final	s056	9c12acd4dd650f1994abbba782376d0e4f97e706e4622f17f7b8a632f72b593d	prose	-	-	-	-	baseline:census-2026-08-19
discipline-cleancode-skill	s001	34620531d59b06bf740dacf83c8d68cb583ba1bdcdf146046f3a7813bb7da0ca	prose	-	-	-	-	baseline:census-2026-08-19
discipline-cleancode-skill	s002	6b6b28d8ee6a1c87de98df21b591a05283fc27354a7b8ef8cdf9cdff86fb4954	prose	-	-	-	-	baseline:census-2026-08-19
discipline-cleancode-skill	s003	d2508fb5878ad9b5f00027a67af687363fed2447956e579be2e34cacf773894d	prose	-	-	-	-	baseline:census-2026-08-19
discipline-cleancode-skill	s004	706786132b50c48951d4538fd4ba7932f88dc006002474fe9704f39748b1bc08	prose	-	-	-	-	baseline:census-2026-08-19
discipline-cleancode-skill	s005	b722368b1066cd7e5a543607fa747f6b63c98aa63b0a0e231d3ec20b5d8da2cb	prose	-	-	-	-	baseline:census-2026-08-19
discipline-cleancode-final	s001	28326b52ea0a7fae9ad495b0d43b14d3686b65657887522275912fa2b4aae796	prose	-	-	-	-	baseline:census-2026-08-19
discipline-cleancode-final	s002	15165a3f1144455bc0da936bed90d1df08c9ced3e7ef8c969eb34f0a32d92311	prose	-	-	-	-	baseline:census-2026-08-19
discipline-cleancode-final	s003-1	43c5ab496c110bf82156feb5dac042d5c5265ac2cdf02fa513904c8bf7d5d5e1	prose	-	-	-	-	baseline:census-2026-08-19
discipline-cleancode-final	s004-1.1	826bce2b05b8b070a8b6543bc68e3f9a88d57f37addabb5df51ee664f7de69cc	prose	-	-	-	-	baseline:census-2026-08-19
discipline-cleancode-final	s005-1.2	7ebf0edd0b1fc7038a6117b0f7ed3cce85253f4d4e82688219ac8267c827efdb	prose	-	-	-	-	baseline:census-2026-08-19
discipline-cleancode-final	s006-1.3	b703b594204de4b15cf28f78cc95b55f711a3b95d24f002cb062aeda0e0eafe8	prose	-	-	-	-	baseline:census-2026-08-19
discipline-cleancode-final	s007-1.4	ea31ae313f661f22055ade0bcc1d812e220c048246584b6a42ffe85d868e79a6	prose	-	-	-	-	baseline:census-2026-08-19
discipline-cleancode-final	s008-1.5	db1307fb1c083c3fdd9d73eb92c04684292d91ed728cd9b0c935555dde63ea98	prose	-	-	-	-	baseline:census-2026-08-19
discipline-cleancode-final	s009	fd1f9f232ce2e68fb4d8137ee3fa7f288762b2ace40e051b0330d1fff5741e26	prose	-	-	-	-	baseline:census-2026-08-19
discipline-cleancode-final	s010	fb1256b7cb3d09e612f28e37091774d2c95b30241e4f1c4d5723e9161357bddb	prose	-	-	-	-	baseline:census-2026-08-19
discipline-cleancode-final	s011-1.6	e7638dfb2ef38b49937a1b82ca6b4617329c9b8e8f95a49da7e23eb3514cf4e1	prose	-	-	-	-	baseline:census-2026-08-19
discipline-cleancode-final	s012-2	e9ab2309d5f15f2e443a386eff81043250c44e0119747e4b588aafc2f77ca9a2	prose	-	-	-	-	baseline:census-2026-08-19
discipline-cleancode-final	s013-2.1	ca0daa32cab3bbdf62f7d658c4d546ae2d89d300339ca0ac49e35229a11fe4cf	prose	-	-	-	-	baseline:census-2026-08-19
discipline-cleancode-final	s014-2.2	4d4895dba700bcee8520fefe84a3de4e726680b1e26356f598949586d81ae13c	prose	-	-	-	-	baseline:census-2026-08-19
discipline-cleancode-final	s015-2.3	53e86619f9001580d522ba895985a75bcbf817acb064a42e10ab20b4b82630cb	prose	-	-	-	-	baseline:census-2026-08-19
discipline-cleancode-final	s016-2.4	473ec22cd88f984c2e0531075a94844cb81ed9e7c5d5fff34df4f01ec2b29642	prose	-	-	-	-	baseline:census-2026-08-19
discipline-cleancode-final	s017-2.5	0a5ce960559ac5b71d9e3970294b126eb7b63324de69f1494d095a5420f90b4a	prose	-	-	-	-	baseline:census-2026-08-19
discipline-cleancode-final	s018-2.6	3626364b856868c03585ad4eba2c996191b780951425dc28df3ddc05558b8111	prose	-	-	-	-	baseline:census-2026-08-19
discipline-cleancode-final	s019-2.7	070f247ff5e157c5352aaf2d684aaec6401b7a4a728a8bcc2e76c3d153b9e061	prose	-	-	-	-	baseline:census-2026-08-19
discipline-cleancode-final	s020-2.8	601fcaa8a41e5865fc0f622069bfb1a02255399ba9b630a4d86ab8c99eccbb16	prose	-	-	-	-	baseline:census-2026-08-19
discipline-cleancode-final	s021-2.9	53444f5fab4fc36c3d031937d9110b84c3f5436823557385ee96bad38f852d2f	prose	-	-	-	-	baseline:census-2026-08-19
discipline-cleancode-final	s022-2.10	8c6be510b63993d8f92ffe6048eb807cae0fb5396bfdd0f7f02f4928c130ccf5	prose	-	-	-	-	baseline:census-2026-08-19
discipline-cleancode-final	s023-2.11	020894cccc0da426cbb4064aab131ae64b1dbfca5941d9bf379f7a43ace4ec22	prose	-	-	-	-	baseline:census-2026-08-19
discipline-cleancode-final	s024-2.12	78b58bc961fcb35e06152266373b7ada0429f7654ae7349463ee5cc46b15044c	prose	-	-	-	-	baseline:census-2026-08-19
discipline-cleancode-final	s025-2.13	540fad3f1e01dca693be9675a53f39778e9a7272c61b242cae190f5410f5f5e7	prose	-	-	-	-	baseline:census-2026-08-19
discipline-cleancode-final	s026-2.14	421a459edc07d1c221afaa014440ff90b18db0186a36aa1f5ea1b655bffd2932	prose	-	-	-	-	baseline:census-2026-08-19
discipline-cleancode-final	s027-3	20cd4a30ec73d738840c054bbd757229973fc4a16865e61992bbe55f421bb3b6	prose	-	-	-	-	baseline:census-2026-08-19
discipline-cleancode-final	s028-3.1	be45b0249e106f1a4b8431cc2c3c75388f883320d5fd4d7637c12c4db88d135d	prose	-	-	-	-	baseline:census-2026-08-19
discipline-cleancode-final	s029-3.2	acec70a2fc8b6ad69636854bc50009782bd7b75fd60ed61594645ac890adb8dd	prose	-	-	-	-	baseline:census-2026-08-19
discipline-cleancode-final	s030-3.3	03f8bd18279364e1ad2f14925b294a979dd94e15f9632b01b801fde01e3c21f0	prose	-	-	-	-	baseline:census-2026-08-19
discipline-cleancode-final	s031-3.4	f77b2886e55daff64e494d6c462201f7c163784e1f9f177cdf8342721eb3b461	prose	-	-	-	-	baseline:census-2026-08-19
discipline-cleancode-final	s032-3.5	7a6e330a19763738ef7c5d8b063dc8a12b1d721223b8c4350cd73995337430ba	prose	-	-	-	-	baseline:census-2026-08-19
discipline-cleancode-final	s033-3.6	154a722020fb412274c65630768974d2832b6de14ab294e7cbddb382125ca00b	prose	-	-	-	-	baseline:census-2026-08-19
discipline-cleancode-final	s034-3.7	ffabba48547f600f1c7610a6bbb80f161cac8195aa9339db18cbbbd47854b9dc	prose	-	-	-	-	baseline:census-2026-08-19
discipline-cleancode-final	s035-3.8	52a7e35ec47c8bc96ce6ad41116f1120788d6879fe098b18793a36bb0ff819b0	prose	-	-	-	-	baseline:census-2026-08-19
discipline-cleancode-final	s036-3.9	23379a80a5fae325e7e3f03496155bfd387442de432590582e2c567f5e6c3721	prose	-	-	-	-	baseline:census-2026-08-19
discipline-cleancode-final	s037	f62561f86f07b3cd8c9ee11cb2bb5a6101751231f440b570efe6f44f062286e1	prose	-	-	-	-	baseline:census-2026-08-19
discipline-cleancode-final	s038	56120fb60baad6cca9c29a4e62a84c9b873c4bd1590381dea79036bfa97aa463	prose	-	-	-	-	baseline:census-2026-08-19
discipline-cleancode-final	s039-4	9af2840763a5ba742dd468bcc5002bfa417251fda3bd1b696b3d575ba9d3a9a6	prose	-	-	-	-	baseline:census-2026-08-19
discipline-cleancode-final	s040-4.1	ab21aa142441c21f02a3f969a6a1310d1735ba14450edb3179050a487e8f9a9a	prose	-	-	-	-	baseline:census-2026-08-19
discipline-cleancode-final	s041-4.2	6dbd169e482f691a253fdf7248d215f7f80c38427e4827f77baddd68ad50d216	prose	-	-	-	-	baseline:census-2026-08-19
discipline-cleancode-final	s042-4.3	71b91446be46cce0888e2b83bc17cec152ce06ef4e3e4ee149f68b4e7ab73fe6	prose	-	-	-	-	baseline:census-2026-08-19
discipline-cleancode-final	s043-4.4	316ad94f5eb14b201fc781fb415216acc5444f0a8130ae16baabfb0cd2b54164	prose	-	-	-	-	baseline:census-2026-08-19
discipline-cleancode-final	s044-4.5	4ddce8104c7d54d80d40be3c57b95825ea13edc171e9c5d3ffbc70e51e642944	prose	-	-	-	-	baseline:census-2026-08-19
discipline-cleancode-final	s045-4.6	6519863de2596d827ef29a251e4ce5f0279b73de92482474beebcaa313f364ce	prose	-	-	-	-	baseline:census-2026-08-19
discipline-cleancode-final	s046-4.7	aad603ff3fbd544d1e433af04acd4a5ae23bfdfa8e17f2bd9d394966c14abdf1	prose	-	-	-	-	baseline:census-2026-08-19
discipline-cleancode-final	s047-5	2ab683c2187a1a48fc22f0a731d2455b07605111e996fee13040f268606e48e9	prose	-	-	-	-	baseline:census-2026-08-19
discipline-cleancode-final	s048-5.1	1e55b769db949f4659aaad0b743aad278389fd1701db22aaec6ad8986f15d68f	prose	-	-	-	-	baseline:census-2026-08-19
discipline-cleancode-final	s049-5.2	2a4433c525c6166399210382f18b96904997e773a24d8adb02080b03fbaf7f58	prose	-	-	-	-	baseline:census-2026-08-19
discipline-cleancode-final	s050-5.3	d04efe31164bd3d5f81227b87d298db7fd2b50a6a00d3ef3568b46111c71fc7f	prose	-	-	-	-	baseline:census-2026-08-19
discipline-cleancode-final	s051-5.4	864ecd414f5edd51ac892d906f3fe9a81ede63144e05b898a43f0a453b1deb5d	prose	-	-	-	-	baseline:census-2026-08-19
discipline-cleancode-final	s052-6	40b68f6702668b132f3f51832723f05591e6a1bc117b5d8f5502009b92029da4	prose	-	-	-	-	baseline:census-2026-08-19
discipline-cleancode-final	s053-6.1	de4f1eb05e6f683bfe3aa541896bc5b338f2457c59593c881ee39025c78ff06e	prose	-	-	-	-	baseline:census-2026-08-19
discipline-cleancode-final	s054-6.2	e75c3554e68a300f154d32497e691781d875bf52df2c661d4776a24926ab1ae1	prose	-	-	-	-	baseline:census-2026-08-19
discipline-cleancode-final	s055-6.3	c0263c39d888c239388b2ae43e911d09445755be56beacde704b56bce582b742	prose	-	-	-	-	baseline:census-2026-08-19
discipline-cleancode-final	s056-6.4	7c78d73d46a56aadb566de9d606e4be54f90e89f4599a35cf4b0f91f81e5b0b5	prose	-	-	-	-	baseline:census-2026-08-19
discipline-cleancode-final	s057-6.5	6235cd4727e4b2e483c11d8f616ea7addbb9485d42945728a1840c2703114d2e	prose	-	-	-	-	baseline:census-2026-08-19
discipline-cleancode-final	s058-7	74578910ee89ced94b1c1eab0fe48d922583947b5b59c23f1e04b0d02cef3183	prose	-	-	-	-	baseline:census-2026-08-19
discipline-cleancode-final	s059-7.1	2b9b8087d75e1bdc1b3751dad2a0c1025ab8b32c8b2acd07bdeb7f2b16fc5bc7	prose	-	-	-	-	baseline:census-2026-08-19
discipline-cleancode-final	s060-7.2	1ec4422fdea7b29376d16fb7af88edbabe3a679f84d7ca62407e1e4cc60c716c	prose	-	-	-	-	baseline:census-2026-08-19
discipline-cleancode-final	s061-7.3	9ea20b0129cfb7ba7b751fa4190e144c828077778478fbe210e14e04bc356e8a	prose	-	-	-	-	baseline:census-2026-08-19
discipline-cleancode-final	s062-8	f3dfb6ebeefd22bca137fa1f59a8bd0872e85f54a849726f5281656422fe24a7	prose	-	-	-	-	baseline:census-2026-08-19
discipline-cleancode-final	s063-8.1	ac4bb2b1f19c20b4355a14a0210fab10071a327b11022435b1913c599a5eabd3	prose	-	-	-	-	baseline:census-2026-08-19
discipline-cleancode-final	s064-8.2	b00a5b0053ce819df9143276ede91ee2e81f7da016b059209dde34d641ec7fc4	prose	-	-	-	-	baseline:census-2026-08-19
discipline-cleancode-final	s065-8.3	5c0c2cd661e3e77b7f086913d76f5ffcc66aaca69fc7af584f0b6c5ea2d2e7fe	prose	-	-	-	-	baseline:census-2026-08-19
discipline-cleancode-final	s066-8.4	6cefc8b772ab07a09e0e94df771eaf4aa2d10656f728fb8506cd7329187fcf83	prose	-	-	-	-	baseline:census-2026-08-19
discipline-cleancode-final	s067-8.5	8cd1b6fd4f79f1b775caa934adb6a5a0712daf383a0282e806f7b01d615c46d6	prose	-	-	-	-	baseline:census-2026-08-19
discipline-cleancode-final	s068-8.6	23a192312ab0fb16d3390c57303cb8885a180b59302d95ccff02d72aadb91f20	prose	-	-	-	-	baseline:census-2026-08-19
discipline-cleancode-final	s069-9	cd8d91ba2e0f9a24bfc737e59db3be5d0927c60ec09eed8b3070d3b3000f5614	prose	-	-	-	-	baseline:census-2026-08-19
discipline-cleancode-final	s070-9.1	b56609663c9d275dcb7cad744d87d1415b530bebd01cb8d45cb5f997c49664c9	prose	-	-	-	-	baseline:census-2026-08-19
discipline-cleancode-final	s071	6e7ed4ebf762096e3b0f14ea32f80a75e013d090deb2cffe9adcf6438733aa25	prose	-	-	-	-	baseline:census-2026-08-19
discipline-cleancode-final	s072-9.2	b13cfc8e3a1bf6a74e794dd7c19b7a1c236490501f8e77afb05ebd5912227378	prose	-	-	-	-	baseline:census-2026-08-19
discipline-cleancode-final	s073-9.3	9a02f54924d9d27647c08012307ffba928d5cd5efe3c69ad68d71d58b1df61f0	prose	-	-	-	-	baseline:census-2026-08-19
discipline-cleancode-final	s074-9.4	a671854985c2951d8d4234b954d98e041c4991f1f162f4e158895b8671e4c469	prose	-	-	-	-	baseline:census-2026-08-19
discipline-cleancode-final	s075-9.5	ccc7eb00ff1503a894b4888132588a5418d454ae93dcc5a1a5101ec02df24a7a	prose	-	-	-	-	baseline:census-2026-08-19
discipline-cleancode-final	s076-10	deb7c8a3a8d40d2f1c9ba7177507cbdbc9b7c33c53c10d3532828ddb93bc4da5	prose	-	-	-	-	baseline:census-2026-08-19
discipline-cleancode-final	s077-10.1	a16df1dca3d045748ecd8a8504db3d6e95f307993d8a38ec5257c6c0ef224845	prose	-	-	-	-	baseline:census-2026-08-19
discipline-cleancode-final	s078-10.2	5498c28e6259e432f55b3c98b59e82448b3e16b60af9a0bd9c239f2b70f40718	prose	-	-	-	-	baseline:census-2026-08-19
discipline-cleancode-final	s079-10.3	bd8d8c47f67818b86af66bc0aa10472cdb341a1b31506be3f7f00331915bf399	prose	-	-	-	-	baseline:census-2026-08-19
discipline-cleancode-final	s080-10.4	34b163a7e72c4e7822ae5938e43a13836344e857cedf0f800cd5642a3f4163aa	prose	-	-	-	-	baseline:census-2026-08-19
discipline-cleancode-final	s081-10.5	cdfecebedcf44fa145605e81bf1f493a5d935e3dfc9dc755b0d3848374b84368	prose	-	-	-	-	baseline:census-2026-08-19
discipline-cleancode-final	s082-10.6	aee3141b81ff68c7d61a99d604d0eb4e32036e3dda106f8cc08457cf66fe2d17	prose	-	-	-	-	baseline:census-2026-08-19
discipline-cleancode-final	s083-10.7	331b7804b6c278d2ab29629d4bac2119f52cecede8a6d759f185f7d18b92fd86	prose	-	-	-	-	baseline:census-2026-08-19
discipline-cleancode-final	s084-10.8	be6b05c256b03487e595de08ee9019fa88abc60df9885f99187cd6f55fa4b1f7	prose	-	-	-	-	baseline:census-2026-08-19
discipline-cleancode-final	s085-11	75c3fe02e735ef4ee0fff4c2c02a26824717538ead956e19e40ef0d38e4cdd6a	prose	-	-	-	-	baseline:census-2026-08-19
discipline-cleancode-final	s086-11.1	2b601cb196b8170ce93d07e2fe6d91d31e35ba36639e57521d1191db29ea7416	prose	-	-	-	-	baseline:census-2026-08-19
discipline-cleancode-final	s087-11.2	2fe11bc1ef367ef7292ad63341423be9ed80c00bd6738e6f221abfb5d596570e	prose	-	-	-	-	baseline:census-2026-08-19
discipline-cleancode-final	s088-11.3	5f7387e775f732633623855d87aa13f372c2f1473b5577baf925b318a6f9ff22	prose	-	-	-	-	baseline:census-2026-08-19
discipline-cleancode-final	s089-11.4	7285c2f1e941a9289a281f7c90d14adc285f39aeed1a7c2c1340599f06e7a17a	prose	-	-	-	-	baseline:census-2026-08-19
discipline-cleancode-final	s090-12	883534592bb380d327c803d0b55bb9147630632e00012be5e7152eb58f743440	prose	-	-	-	-	baseline:census-2026-08-19
discipline-cleancode-final	s091-12.1	66f84c7f6f58ebb40e471e27c2c2979b4ce780294dbacd8cdb0a4b33035e98a9	prose	-	-	-	-	baseline:census-2026-08-19
discipline-cleancode-final	s092-12.2	110cef04d40e771333106ed5bf630385c10ca23a79191fb67b3119d0d3e88551	prose	-	-	-	-	baseline:census-2026-08-19
discipline-cleancode-final	s093-12.3	18db44a9ae513a8610999b6e8fb7d183592a8371c2ded3bef68f1d00fe42e456	prose	-	-	-	-	baseline:census-2026-08-19
discipline-cleancode-final	s094-12.4	b4e4ddd78e1a9f5abca2fa6091c5c93b3e6944e61523155900880eb191068462	prose	-	-	-	-	baseline:census-2026-08-19
discipline-cleancode-final	s095-12.5	2fbb370fdf3c39267ff81fd20877558e4b4b282c0100ee4443a7f8d38d15c008	prose	-	-	-	-	baseline:census-2026-08-19
discipline-cleancode-final	s096-12.6	8d0fc0c0e0e81112b06a725a54e5541ca91debff7c231de593b43894e2ddf490	prose	-	-	-	-	baseline:census-2026-08-19
discipline-cleancode-final	s097-12.7	c800e027f550e4b71edae6711ac38c10cea243c713fbc11b35c9f0c8332541fe	prose	-	-	-	-	baseline:census-2026-08-19
discipline-cleancode-final	s098	48beba3f80058f5111771bf2421050de2a1cc794f795c82f8e29e8e20e7b7cac	prose	-	-	-	-	baseline:census-2026-08-19
discipline-cleancode-final	s099	75a4c85d0d005c7bc07d4c850140aab200c28fc085805995bd5698367ad063cf	prose	-	-	-	-	baseline:census-2026-08-19
discipline-cleancode-final	s100-13	853c3d096dda1210092f8120dd2fa57d505917abd1e08cddd0d40ebc0f5d5036	prose	-	-	-	-	baseline:census-2026-08-19
discipline-cleancode-final	s101-13.1	953df11e244024b75222c38da66cb12271512a480918cb92af695f1c7f5ea8ad	prose	-	-	-	-	baseline:census-2026-08-19
discipline-cleancode-final	s102-13.2	0fd046faebc57b78ecd28ab10e50639078576defded4bba96843b1e82a2966de	prose	-	-	-	-	baseline:census-2026-08-19
discipline-cleancode-final	s103-13.3	664e30c0ab75993333c9d0c797d71b46a985cf30e6881ef5c28976293e833399	prose	-	-	-	-	baseline:census-2026-08-19
discipline-cleancode-final	s104-14	809512403e4897c1f719215bc41735d283a1cf7f3ba29bedcbe8393dffc5bd87	prose	-	-	-	-	baseline:census-2026-08-19
discipline-cleancode-final	s105-14.1	38e666324b68354b0c27ac72aea1befa62b787e3b8ec6fe910f1f85a2062f14d	prose	-	-	-	-	baseline:census-2026-08-19
discipline-cleancode-final	s106-14.2	27ddef7bfa1cdf6a95d32b25652388c6a6e66b6a97d17140bd926ef4f45d5150	prose	-	-	-	-	baseline:census-2026-08-19
discipline-cleancode-final	s107-14.3	1340e56dfacf8718e4afef123353771bc024c41dec7f4836659f3a15f7bbb89d	prose	-	-	-	-	baseline:census-2026-08-19
discipline-cleancode-final	s108-14.4	0b5a9016ed50d83406ec0110e0573cf13720c856d6a9dc6d7f95d026939d6636	prose	-	-	-	-	baseline:census-2026-08-19
discipline-cleancode-final	s109-14.5	335e163cea22f7649c368f6dda9a4e5f5472cac3111d68e6fdb1d890564fdedb	prose	-	-	-	-	baseline:census-2026-08-19
discipline-cleancode-final	s110-14.6	da11c686480a8db782ce5abcad379cb658978ecc462cf9868ee4246eaf7073f2	prose	-	-	-	-	baseline:census-2026-08-19
discipline-cleancode-final	s111-15	aae9ccfad08123af3c20f450e8db71ec10b65810cd7983b30e37532ee75fff03	prose	-	-	-	-	baseline:census-2026-08-19
discipline-cleancode-final	s112-15.1	79d195dce7e28c11320dcaad43fa41aad78a95ee8cf0351e744a055e272258e6	prose	-	-	-	-	baseline:census-2026-08-19
discipline-cleancode-final	s113	8852513aaafbbabcd923c68a74833f9baaf690b7f5438834ac5abf4f9c225019	prose	-	-	-	-	baseline:census-2026-08-19
discipline-cleancode-final	s114	c2a21546759c75b616a30bf1447fe8c078fe83bbf145221ae60b2b663c6edb21	prose	-	-	-	-	baseline:census-2026-08-19
discipline-cleancode-final	s115	2b2492f324a8226c97ec0443fad88520becde1810300ac37d4fbaa1301756e15	prose	-	-	-	-	baseline:census-2026-08-19
discipline-cleancode-final	s116	aaafa4f664b845af24a7e60d2529db81d5274e1e35fe2be49da50a47923781d6	prose	-	-	-	-	baseline:census-2026-08-19
discipline-cleancode-final	s117	4d216bd92c75f92d6bf78b27c62b41a39a1ca9285a00843829b2ba6dfc5431ae	prose	-	-	-	-	baseline:census-2026-08-19
discipline-cleancode-final	s118-15.2	2db64f1520b2ef11dc4126d74e63c7312563ab70ea13d12bf78842ce1f2060a3	prose	-	-	-	-	baseline:census-2026-08-19
discipline-cleancode-final	s119	3c59850347b9833c6e205d9615ef9769042a00bfeabe5f18f97eed05caa52c4d	prose	-	-	-	-	baseline:census-2026-08-19
discipline-cleancode-final	s120	16f117abec52e0adb1914436b9efbdf9ac8f53b3fd68ce3ff334592d13b70cd5	prose	-	-	-	-	baseline:census-2026-08-19
discipline-cleancode-final	s121	1e3325f355b9699b9344ebfc77fa14b207788aa39afb74b2354ace1a09675881	prose	-	-	-	-	baseline:census-2026-08-19
discipline-cleancode-final	s122	b91cf4034cab4e794a7255e9d33fedb0f5ec7c4532e315824ab7c09b595e8f68	prose	-	-	-	-	baseline:census-2026-08-19
discipline-cleancode-final	s123-15.3	8ede2e58e945bf0b6dbdc5e6f0a026b77384ab1b14414008897d93745f5e3c5a	prose	-	-	-	-	baseline:census-2026-08-19
discipline-cleancode-final	s124-16	097ac27d6526a549abac09bb6445e7994ca7c90e20280a025c67420a59884af8	prose	-	-	-	-	baseline:census-2026-08-19
discipline-cleancode-final	s125-16.1	24c0dd7a5854c8eed409d761e9f19f205c2a06d8fb6b1f028857b0ec36246122	prose	-	-	-	-	baseline:census-2026-08-19
discipline-cleancode-final	s126-16.2	61f757a9fbf6bce28b37df121874794db150f2d7e792baaf9da3a25933f6b4a4	prose	-	-	-	-	baseline:census-2026-08-19
discipline-cleancode-final	s127-16.3	c060dfcc01e95bb7f93f76f4806d0b45784f6803449edd83251821afe2e218c1	prose	-	-	-	-	baseline:census-2026-08-19
discipline-cleancode-final	s128-16.4	d2d300328589a1eb0d10e1e958643cabef16360ef7495868a045af9756640117	prose	-	-	-	-	baseline:census-2026-08-19
discipline-cleancode-final	s129-16.5	1e0751d9d9c139414852846646b43666750e4b68c84f12fc8deb9eee80bb0a95	prose	-	-	-	-	baseline:census-2026-08-19
discipline-cleancode-final	s130-16.6	7474a7329a9c040cc70a6819b0cf17982f8bdecdd481c190859870bd59c45ec1	prose	-	-	-	-	baseline:census-2026-08-19
discipline-cleancode-final	s131-17	9bcd5e6e46ca798d37565d4486993bfc6e694f28d276722f51c236d877260023	prose	-	-	-	-	baseline:census-2026-08-19
discipline-cleancode-final	s132-17.1	1eca3757dcb06a932e6ebcbf0017e9a8faddbb50aaa06f7e89833671929c7ee8	prose	-	-	-	-	baseline:census-2026-08-19
discipline-cleancode-final	s133-17.2	ad7b14a0ccda8877424fb36c2e71fada439c4743b6e34fabe4bacb1411b2c2f0	prose	-	-	-	-	baseline:census-2026-08-19
discipline-cleancode-final	s134-17.3	eace6b517c3ab8484adec08a7430248ec962bfd926572c6804f49e0a59b71c8f	prose	-	-	-	-	baseline:census-2026-08-19
discipline-cleancode-final	s135-17.4	c1cb04ce8e2786faea44cdc922772b18469f65ae8f25baa1888044dd81bba0fb	prose	-	-	-	-	baseline:census-2026-08-19
discipline-cleancode-final	s136-17.5	b837ebd615df36835946bc7a2708aa7497979d61e3d05914217e592dd41a3735	prose	-	-	-	-	baseline:census-2026-08-19
discipline-cleancode-final	s137-17.6	95f8b5c6c207ecce62b7d3051ccf544c36030dd16a099af1ea1656ddd77046ae	prose	-	-	-	-	baseline:census-2026-08-19
discipline-cleancode-final	s138-17.7	a951f6512b2d16b2ab8c98dcebd2e39e72c51005567d60cd04c8b8de83305cc9	prose	-	-	-	-	baseline:census-2026-08-19
discipline-cleancode-final	s139-17.8	31ba99ec3f74fd17562e2aaf26d395689cc475d266c0c5937d49e8110b522b2c	prose	-	-	-	-	baseline:census-2026-08-19
discipline-cleancode-final	s140-17.9	742130baf83c12350d58e9c553b093f644096a3875703825be3830b5546d34f0	prose	-	-	-	-	baseline:census-2026-08-19
discipline-cleancode-final	s141-18	4141f4c63d6c56a5cba375686eb9a4dac8e938c327b04f31e51f2f27ce0589aa	prose	-	-	-	-	baseline:census-2026-08-19
discipline-cleancode-final	s142	76b38bffe67007985591712407cebc17b6413632b36a5e2dad459e937275681c	prose	-	-	-	-	baseline:census-2026-08-19
implementation-python-skill	s001	64c532c68928488d5cba8d4562b770a72fe244ecb259c253d1dca206846dbe24	prose	-	-	-	-	baseline:census-2026-08-19
implementation-python-skill	s002	bba0314fd43a9d6f6a84eafbfc9a908339af4fb6a6cf0a9b0ece6ad61c46b092	prose	-	-	-	-	baseline:census-2026-08-19
implementation-python-skill	s003	457b8dcd11fdbdb05959bee26a012a36410114aafe4dcf62069802f184412a85	prose	-	-	-	-	baseline:census-2026-08-19
implementation-python-skill	s004	186864339fe7bfcfeed38c606202c985709c4a97b1253c75d3fd2d4b557e19ee	prose	-	-	-	-	baseline:census-2026-08-19
implementation-python-skill	s005	32e08dc1b9eb4bcf7e9da836a320cfd93232359fbdea7e04897b4b0380e683c2	prose	-	-	-	-	baseline:census-2026-08-19
implementation-python-final	s001	a8dc8a615b0f3f7b1d183451d82618983c21d1e1000a8f9c629f801928562bbb	prose	-	-	-	-	baseline:census-2026-08-19
implementation-python-final	s002-1	cfcc15f2c90e4a0726779a9deba64190c268e441f095b940c924dee78ffc19ee	prose	-	-	-	-	baseline:census-2026-08-19
implementation-python-final	s003-1.1	8421d688fa58de78b41abdcb09ac5a592dbb954e2ec3f09e48751f51c0a90551	prose	-	-	-	-	baseline:census-2026-08-19
implementation-python-final	s004-1.2	80951eb40d3c21b62c5cbdb0cd90d31fb04526282afa900472d2e3dd93a601c2	prose	-	-	-	-	baseline:census-2026-08-19
implementation-python-final	s005-1.3	e21853f05333fae9f9e7326cceb79f4095bd569388b7fa4dab305362386b507d	prose	-	-	-	-	baseline:census-2026-08-19
implementation-python-final	s006-1.4	b32b2be7686cb9179462ca5343bdd33cee986301f52156f68591fb467c424734	prose	-	-	-	-	baseline:census-2026-08-19
implementation-python-final	s007-1.5	e11056890dcc90cb3dc3b896a92c2ae6a189a941b9bb6f76d3f0d96b8d31be76	prose	-	-	-	-	baseline:census-2026-08-19
implementation-python-final	s008-1.6	b09392fe71e48371dae668fdc4042e3e635552eb676ab28d51cffcc5cef058df	prose	-	-	-	-	baseline:census-2026-08-19
implementation-python-final	s009-1.7	b0b754135a1a769d2c3dc545f37662921e4f0ab7a68d5e1275ff02cfb3f05e2b	prose	-	-	-	-	baseline:census-2026-08-19
implementation-python-final	s010-1.8	ef2875e9507ee5a4c7c169d5d212a2748fcf986b5fc1cce0c7294846d89782a5	prose	-	-	-	-	baseline:census-2026-08-19
implementation-python-final	s011-1.9	f1e04b147aef32f43763f98a5960868f315518b45557b06847a4fe799fed43b7	prose	-	-	-	-	baseline:census-2026-08-19
implementation-python-final	s012-1.10	9950ea97344e3a1af7a3ee31667fbeb073fdf19b6a94b811f7b91be5a12e3457	prose	-	-	-	-	baseline:census-2026-08-19
implementation-python-final	s013-1.11	1783331a7171324eedb0ddc3bb1b2c94bcedde203bea1a102ce3f593cc1c5199	prose	-	-	-	-	baseline:census-2026-08-19
implementation-python-final	s014-1.12	5033bb420ce99590ad9a659132d204edde85e9dc1498fac2c7e49d6efba49641	prose	-	-	-	-	baseline:census-2026-08-19
implementation-python-final	s015-1.13	0a7c3b15d59b13f576befc549911b67196c8bc115201ae3ca09802bb36626ce1	prose	-	-	-	-	baseline:census-2026-08-19
implementation-python-final	s016-1.14	f8f00a8459668da749e42173544e15b0ddd0c6d0099bf339af723cd6349610dc	prose	-	-	-	-	baseline:census-2026-08-19
implementation-python-final	s017-2	21ffaf82c6d6bdd5888357f58e256dca90c67b9e667cbe1547afc984fa3b6cc0	prose	-	-	-	-	baseline:census-2026-08-19
implementation-python-final	s018-2.1	bed0b7c2b22624ca2fe3c91cc7f01d6ea9878eba7d92663d5c67513eae586174	prose	-	-	-	-	baseline:census-2026-08-19
implementation-python-final	s019-2.2	3537603670e46fea7dc63eb8a198c88ac5c8cbf361f697fd21aa73ad570e1a45	prose	-	-	-	-	baseline:census-2026-08-19
implementation-python-final	s020-2.3	834fcdaa70b852fc620020cd2a2d87bf89e7eda427ecd457a10e5e270a42abfa	prose	-	-	-	-	baseline:census-2026-08-19
implementation-python-final	s021-2.4	0162399e00e3ef4a3de3ef824bc4dfc56cf2bf0c18915aeca857328269da9060	prose	-	-	-	-	baseline:census-2026-08-19
implementation-python-final	s022-3	462184e82f6ddb5e0f4cb6e66b082992b1bb605cc55c534d1cada6b2d5b548b5	prose	-	-	-	-	baseline:census-2026-08-19
implementation-python-final	s023-3.1	681ad78e71afc9f3b3382f2a0f7b2d12872940c4436d8f24799e6571921bc130	prose	-	-	-	-	baseline:census-2026-08-19
implementation-python-final	s024-3.2	76769d1951e82ee4f6a558e070633730ffa67c545b9e727edc537a8e89c6decf	prose	-	-	-	-	baseline:census-2026-08-19
implementation-python-final	s025-3.3	5effcdc1bd03f9c887006dd890f6f2d0c6675c891f99e7e0e242a1682f270a55	prose	-	-	-	-	baseline:census-2026-08-19
implementation-python-final	s026-3.4	c8bd50fe76504ed58845ae83bd388fbdc1a5f0a63ab342ba8d4600a7a620904e	prose	-	-	-	-	baseline:census-2026-08-19
implementation-python-final	s027-3.5	cef3f67611341249bdcb561afdc4ed617e1a5b8dfcd58b3a853060d1adf4d818	prose	-	-	-	-	baseline:census-2026-08-19
implementation-python-final	s028-4	7c9333d7c46466fa6503fd29a07ed04e76db7c853546b00d80cc403d748693fe	prose	-	-	-	-	baseline:census-2026-08-19
implementation-python-final	s029-4.1	06e2b58ace49e663dafe816c3bb7627cfd24ac71c4c43470a93f383a76a262f0	prose	-	-	-	-	baseline:census-2026-08-19
implementation-python-final	s030-4.2	3bc8590b5d411d08d63c750d3172ddfdbbbd3a267d138ac027364246232f31b3	prose	-	-	-	-	baseline:census-2026-08-19
implementation-python-final	s031-4.3	2f20d086e47380d67710996c636fd74ba807d11a5776e8f8cf69bedb027ffd2d	prose	-	-	-	-	baseline:census-2026-08-19
implementation-python-final	s032-4.4	4d4b3115daa25d25da70d1a9d15cc4937371d579b0d4a32abf78670707285d9e	prose	-	-	-	-	baseline:census-2026-08-19
implementation-python-final	s033-4.5	3c81b1c3d6eaaf0f7143266c026e64c57bf86ff3eab3e6dd65b4e42cca7b2d2b	prose	-	-	-	-	baseline:census-2026-08-19
implementation-python-final	s034-5	88ff344e8495386b376ed34ee96eb8daf62c07d63ce8f9fe04ea03a452f54d0b	prose	-	-	-	-	baseline:census-2026-08-19
implementation-python-final	s035-5.1	806bb6a560ee62dcd6245305441334f3a06de9f6a3078ac27058cc64ca810641	prose	-	-	-	-	baseline:census-2026-08-19
implementation-python-final	s036-5.2	f41e2bfa578eb9dd368ccbc2d86bf5c9555374fd86a437998715ff409104bfd9	prose	-	-	-	-	baseline:census-2026-08-19
implementation-python-final	s037-5.3	6e2dda919e86bc467379bb8578c182af6bc4b3ec4f1a7492ec83cf8342bf7d0d	prose	-	-	-	-	baseline:census-2026-08-19
implementation-python-final	s038-6	195eb2efd781247b876f2b90ef407413b775727dc219a3a68043ba4448fa6a8b	prose	-	-	-	-	baseline:census-2026-08-19
implementation-python-final	s039-6.1	96f892336187c00485a97125b973ebfe885c51f3952a2b14dc2ba8d487cc1501	prose	-	-	-	-	baseline:census-2026-08-19
implementation-python-final	s040-6.2	666e507e5d0a233ffdf8ebceb422ab8a0435d7dfd57c9a20bfd6a30736566b5a	prose	-	-	-	-	baseline:census-2026-08-19
implementation-python-final	s041-7	42a1a7124343eb302ea44510c55059df4db5936ff30fad0cb3f48e5019c54606	prose	-	-	-	-	baseline:census-2026-08-19
implementation-python-final	s042-7.1	f45aa99a7b380c46856168fe26a13c09047f697d43779855669c6242ab2c9eb7	prose	-	-	-	-	baseline:census-2026-08-19
implementation-python-final	s043-7.2	b5d6a755a7d1c2a32cb0ca142631b7c6002daed3714e4336ed784b11026973c8	prose	-	-	-	-	baseline:census-2026-08-19
implementation-python-final	s044-8	bbe4484365166549a4ffb4bbd8499e6874df3d6739afedc9c7a0c8108c98feb6	prose	-	-	-	-	baseline:census-2026-08-19
implementation-python-final	s045-8.1	fdf423e3fcab53f382bf7e8ad478efac81cbc71af363591d792991a06ce16886	prose	-	-	-	-	baseline:census-2026-08-19
implementation-python-final	s046-8.2	00f7b3aef6607ccc6ae4aa36b2559ea55c233d3ae52c65ecae8f0f887b2474f3	prose	-	-	-	-	baseline:census-2026-08-19
implementation-python-final	s047-8.3	69126520764be8e70ea685dc9e60c8371c3c346061265418a528ea984643758b	prose	-	-	-	-	baseline:census-2026-08-19
implementation-python-final	s048-8.4	3660089413995be87ceb2eeaa99d5f3d1d6794787afac00004dd2bb7ad2bcc7e	prose	-	-	-	-	baseline:census-2026-08-19
implementation-python-final	s049-8.5	fd74fc664662ca8edaa1ee4b9f9ae599531abac920d88278219079dd0198b9e0	prose	-	-	-	-	baseline:census-2026-08-19
implementation-python-final	s050-8.6	fa3d29b335915afa6da812629cf9eb02d249198d82ad68e2d55d9ad5bb049ab4	prose	-	-	-	-	baseline:census-2026-08-19
implementation-python-final	s051-8.7	2645171190fa29d7c2020d97281653b87ae119ece03465b65b3a0b8e71e4a938	prose	-	-	-	-	baseline:census-2026-08-19
implementation-python-final	s052-8.8	a7c0a4a1906a6cc06797a88976fbf8cbb9d272893f70ebf89e7ec3c06dea1685	prose	-	-	-	-	baseline:census-2026-08-19
implementation-python-final	s053-8.9	b8279165c20f58e90213efaa040a1d41cd3a7e8a7b6f3c0abfe399db65c19887	prose	-	-	-	-	baseline:census-2026-08-19
implementation-python-final	s054-9	bbee8f78f75cd97866ea3fee79136a0baa42355a7af8e0640952b74cf81a2f00	prose	-	-	-	-	baseline:census-2026-08-19
implementation-python-final	s055-9.1	041437f712b81ee88f3aa92f93cd15b50ed78899b8bface41e3103d47a8cb6a8	prose	-	-	-	-	baseline:census-2026-08-19
implementation-python-final	s056-9.2	9f8703ce9ff905c24ea4da3b85fea3a7d31ce203dc343a21940d144a917e8fe0	prose	-	-	-	-	baseline:census-2026-08-19
implementation-python-final	s057-9.3	d2184e6da425291f1ad47bf69fae258d4796c4daa056c67ca2a84e387f0cacf5	prose	-	-	-	-	baseline:census-2026-08-19
implementation-python-final	s058-9.4	a0a1960196959983778e631891d55d2fb143ce59f9f4ee7a2b6ca854b647464e	prose	-	-	-	-	baseline:census-2026-08-19
implementation-python-final	s059-9.5	d860a273f61cc067e35b830ca39858c92e5bb85f4e914be31dd76f968fdff940	prose	-	-	-	-	baseline:census-2026-08-19
implementation-python-final	s060-10	bfea970ad7965f13caf3a58e690e6704ebf37581e495952966bcc606d5ec9615	prose	-	-	-	-	baseline:census-2026-08-19
implementation-python-final	s061-10.1	3fb50a8613cb2d1e7824eae28bf9e3b4cd853c8244455711d8f5a5af88015def	prose	-	-	-	-	baseline:census-2026-08-19
implementation-python-final	s062-10.2	4f6284b0660e44cdf879dd3aa8a3331fbaf767bcff64b6096b7f078efbe542a2	prose	-	-	-	-	baseline:census-2026-08-19
implementation-python-final	s063-10.3	ce9c0fe2f28dc4e71e9eea35c94f5496c1a76317c5c11eea084724f9e55f26a9	prose	-	-	-	-	baseline:census-2026-08-19
implementation-python-final	s064-10.4	3eebda4ec270284f9ebcd5fd34f19b5d26cadaa37769e6724add9ec37bcb23ce	prose	-	-	-	-	baseline:census-2026-08-19
implementation-python-final	s065-10.5	4e7faef10b768e3da19f144dcd26e3990d2705004a95804fe97f1bc448b09ef4	prose	-	-	-	-	baseline:census-2026-08-19
implementation-python-final	s066-10.6	b4743d8b22a55ad20e0b704d953b4dd9ca57345846c93cfce6d608d124c10ac5	prose	-	-	-	-	baseline:census-2026-08-19
implementation-python-final	s067-10.7	b365f0c64289a453d4d563f8928f2bee4a508cdfb7509ee4fc1ee7eece428acc	prose	-	-	-	-	baseline:census-2026-08-19
implementation-python-final	s068-10.8	77cb933f89505c1c11dfabd30f62d369a9363eb8bc2edbf3e7c663581af3c0e1	prose	-	-	-	-	baseline:census-2026-08-19
implementation-python-final	s069-11	5e921ff555fff58021b4b9a5e289c7bb16daa01e9f5842b15377ae1c5e4807aa	prose	-	-	-	-	baseline:census-2026-08-19
implementation-python-final	s070-11.1	d78fa05b5e466786bb08678333a08202a5ea30eb24440ebae7809a1107d1ba6f	prose	-	-	-	-	baseline:census-2026-08-19
implementation-python-final	s071-12	49bf2304e8ebb0deaf4ae8dcaff26ef3266e9181c3da62184fb65bb6e065a18a	prose	-	-	-	-	baseline:census-2026-08-19
implementation-python-final	s072-12.0	2f84f27f9931537b49e3cc92c0efdd55bd6966e776c0ed5930e96aa2d41ba187	prose	-	-	-	-	baseline:census-2026-08-19
implementation-python-final	s073-12.1	06e243d3b9d982b13b8f2f462e68cfc31873fb7162a791e189d7b95477640427	prose	-	-	-	-	baseline:census-2026-08-19
implementation-python-final	s074-12.2	a43281dddd237ef7c287502b153e14e97885a33bcb967d89c8062a3f06aed165	prose	-	-	-	-	baseline:census-2026-08-19
implementation-python-final	s075-12.3	010e47edaac0e0eb31dd6d871185c99a61f8794c32d2442a7c486dd1cef0e345	prose	-	-	-	-	baseline:census-2026-08-19
implementation-python-final	s076-13	3600ea2d9717aaebb5c87b190ea2bef6ba50147e33c2fbbda741d2f32a34cc06	prose	-	-	-	-	baseline:census-2026-08-19
implementation-python-final	s077-13.1	c4fa301907dc97e33fdf30f262e938ff793300f87d42fc0cd91fec235543d3c0	prose	-	-	-	-	baseline:census-2026-08-19
implementation-python-final	s078-13.2	63aef4f349f06b4cc546a9c27c46c72938664415ad3d59904b0fe4d5b7542231	prose	-	-	-	-	baseline:census-2026-08-19
implementation-python-final	s079-13.3	09531dfccd0a7c6dd4da4ca5efc6632ec1d032728872c98ece3a9e9c680a0160	prose	-	-	-	-	baseline:census-2026-08-19
implementation-python-final	s080-13.4	1a1342ec0947a5a63fc22558ee571bff6a0585e6f786dba16efcc16e35b7e863	prose	-	-	-	-	baseline:census-2026-08-19
implementation-python-final	s081-13.5	2f61860e4f6f5e1807020206fb25f6f98296a5321e65aee90c75508af14e27f3	prose	-	-	-	-	baseline:census-2026-08-19
implementation-python-final	s082-13.6	07cfec312828201b0498b4d3918008489443a814dbc0894f9c31cee9a86e167e	prose	-	-	-	-	baseline:census-2026-08-19
implementation-python-final	s083-13.7	ba660b11e0d08703defd9434171c40e828b27b09c12bdbfc0eeaa9ec1867efbf	prose	-	-	-	-	baseline:census-2026-08-19
implementation-python-final	s084-14	51f531665027802be0cc477bb0b512b72d67f1dbc6dd275bc640561d05d0205f	prose	-	-	-	-	baseline:census-2026-08-19
implementation-python-final	s085-14.1	f704ccd3c8f61227d20ea2e1c9c01d908feb79657e47d2499fc72a0e88c9c40c	prose	-	-	-	-	baseline:census-2026-08-19
implementation-python-final	s086-14.2	5d2d43d7245779654e2e7a4570d437852411a91bc6573880cf0e8c54f3e6a64b	prose	-	-	-	-	baseline:census-2026-08-19
implementation-python-final	s087-15	1a855254a40677b208c0b116794875387b9d79016ecb682c42ee4082111bdf4c	prose	-	-	-	-	baseline:census-2026-08-19
implementation-python-final	s088-15.1	d264da31412eff5c62430af395d809728e6bfae3ae262f8b62bea4f6a9ef0a55	prose	-	-	-	-	baseline:census-2026-08-19
implementation-python-final	s089-15.2	bc08f48b9483a7b66d00cd9b71ad4724e2cc2ebb4606cc46618d4f7f8450b187	prose	-	-	-	-	baseline:census-2026-08-19
implementation-python-final	s090-15.3	5de32a2997362d03b8b838d2289bcfb0699421c696473f19bac38de191c18f29	prose	-	-	-	-	baseline:census-2026-08-19
implementation-python-final	s091-16	519e80b124746b4b1211c167dbf3ed05ff5a5e1f97fd8ef7e574131af1197ca0	prose	-	-	-	-	baseline:census-2026-08-19
implementation-python-final	s092-16.1	1aa304427c1abc7d3fa542780313b953a076b56b0469626ca01eccc39e43a0ed	prose	-	-	-	-	baseline:census-2026-08-19
implementation-python-final	s093-16.2	956afed08ef6516a7f47b1aae65b13b28d8426f217852c7f008e4e84632ee116	prose	-	-	-	-	baseline:census-2026-08-19
implementation-python-final	s094-16.3	c0845c18ae42abaff7d4ed3403897ddcf1c3a18d87c6b12b46e289b6918600c1	prose	-	-	-	-	baseline:census-2026-08-19
implementation-python-final	s095-16.4	b2f52cdb5d7c0218df0980dc2be5fa15bb382fe8c0a2068f8589dfa7573247be	prose	-	-	-	-	baseline:census-2026-08-19
implementation-python-final	s096-16.5	7b89a9b6c68f9f9ea5df876ad8dad4b26c28627d712b674d6a0a39ca3ac91318	prose	-	-	-	-	baseline:census-2026-08-19
implementation-python-final	s097-16.6	0e8d48f8beefe342b6f2d100e43c997c11aa9725fb76f9dfaeed6317a08d6c0f	prose	-	-	-	-	baseline:census-2026-08-19
implementation-python-final	s098-17	a735e5c272e3396b4bc30d60c5f26e323cddae4b668615bb72ec55f510a34625	prose	-	-	-	-	baseline:census-2026-08-19
implementation-python-final	s099-17.1	1a87736987bfaef13b5f49d994bdddf886c36533bc0153d8402a45564b4eb366	prose	-	-	-	-	baseline:census-2026-08-19
implementation-python-final	s100-17.2	3d3e437751b3f67deb7a79ef1fc437f60ff51e674db463ffa4005ae4e585ec66	prose	-	-	-	-	baseline:census-2026-08-19
implementation-python-final	s101-17.3	58d9de9dab1df21fa334b901d4fdafe410d7d35cad6ec9ef935215fb2ee5d8b1	prose	-	-	-	-	baseline:census-2026-08-19
implementation-python-final	s102-17.4	210e480e79e405d9dd0a56cb3385f41abfdc683ba5810fb7edd5bd6d2e5a827a	prose	-	-	-	-	baseline:census-2026-08-19
implementation-python-final	s103-18	d37a38b5b9d6d020182ee92c334054c8867393b74ee5970c6702c7bed513e813	prose	-	-	-	-	baseline:census-2026-08-19
implementation-python-final	s104-18.1	f76f7fa3fb859f50d713f986f3849741d09e01e2b9f3cf6e2131fedc23afa3d1	prose	-	-	-	-	baseline:census-2026-08-19
implementation-python-final	s105-19	858fec9e6bc31540ac968db44196a200759d8381d8ac9f5c85c7cde525058106	prose	-	-	-	-	baseline:census-2026-08-19
implementation-python-final	s106-19.1	fa343abfea6cd7acfc3fb519c5bf2f10ebbfdbde18b446d6caf306ec08652386	prose	-	-	-	-	baseline:census-2026-08-19
implementation-python-final	s107-19.2	9655fac342d2c2a58ff218b60d108e544943598ea2142b838525151f2fa87d9b	prose	-	-	-	-	baseline:census-2026-08-19
implementation-python-final	s108-19.3	5392adc22fc2245bd378e4dbe59e1ad13300f5da2fd7cd509b182d03e68f6cb1	prose	-	-	-	-	baseline:census-2026-08-19
implementation-python-final	s109-19.4	6678f90251a7e38b3198acb8aac8b0e185df9d62c36bfc7e58d4533c89c414cd	prose	-	-	-	-	baseline:census-2026-08-19
implementation-python-final	s110-19.5	02683f3a11c95759b2a83a678d03406df4bd6a67ad576ba083567d117291e2e0	prose	-	-	-	-	baseline:census-2026-08-19
implementation-python-final	s111-19.6	f49a21ab1e56f2fafcae01582ed812bfcf5077d65221b7bcfa2817a3cfdcef1f	prose	-	-	-	-	baseline:census-2026-08-19
implementation-python-final	s112-20	097ddaaa084297d1515b64c09ad57d70699b5b65af3513b286c0982ede68d9ac	prose	-	-	-	-	baseline:census-2026-08-19
implementation-python-final	s113-20.1	815d20431b3837c8960ab1f8c8bbaab043a4068ac081ed62c623c2b1204eaf5d	prose	-	-	-	-	baseline:census-2026-08-19
implementation-python-final	s114-20.2	4b9d4c892c7d1e969f66f9d528873ccb588030387f6c109eee6772707d3e3dee	prose	-	-	-	-	baseline:census-2026-08-19
implementation-python-final	s115-20.3	f881deeb3af877bbc347d94bdebbbb800da5fdc0aae99c32fb1509b0ab87a53b	prose	-	-	-	-	baseline:census-2026-08-19
implementation-python-final	s116-21	e06154e5e1faa003af879cdd1be466e462056b7580ed9084d420d9ab84be4c33	prose	-	-	-	-	baseline:census-2026-08-19
implementation-python-final	s117-22	8eab3504066367adae19463c526a4525316e53020dc7858acd80f8eb5b78468b	prose	-	-	-	-	baseline:census-2026-08-19
implementation-python-final	s118-22.1	c2a6954d7c3ce8761584cb0aceb7cf3116f3ef46f62e0088a070045557685487	prose	-	-	-	-	baseline:census-2026-08-19
implementation-python-final	s119-22.2	5cdc47a7b6ec34d47cdecfd7bbed089333641e7538722ea2dea25e71e95cbf77	prose	-	-	-	-	baseline:census-2026-08-19
implementation-python-final	s120-23	1797576e0716fef453de52aaffc1141c796b94fe6518f6e44025dad3a33ad056	prose	-	-	-	-	baseline:census-2026-08-19
implementation-python-final	s121-23.1	6606576f2824ac8dc558bb8f1c3021aee8b4f1da784284e3108a2952a5c0ae8c	prose	-	-	-	-	baseline:census-2026-08-19
implementation-python-final	s122-23.2	5dc76dc9b5eb1e2fce54b7be4f8c21c982ba25c38e79b41e753422b3bf0a1f04	prose	-	-	-	-	baseline:census-2026-08-19
implementation-python-final	s123-23.3	52a4c44cc1c8fe519d492e092a75c119444b20a76ae36ead493a96f5a314ee67	prose	-	-	-	-	baseline:census-2026-08-19
implementation-python-final	s124-24	be532b00b627b10debb686ccef21aef7dafdf087851e02ac693346d061e375c0	prose	-	-	-	-	baseline:census-2026-08-19
implementation-python-final	s125-25	8a17a2908bc74ab4238fc52bb6e97289fa5c58584a924dbe5fdb512a33738a29	prose	-	-	-	-	baseline:census-2026-08-19
implementation-python-final	s126-25.1	1ed99abe1e0cdd5af5327a0f23165ab2f78d48b6ef1526d8650785197c2a55b3	prose	-	-	-	-	baseline:census-2026-08-19
implementation-python-final	s127-25.2	bfae5fe1152d3c6b37615e0bf701e6096c7a807696da679ccf6b7c79115c7f63	prose	-	-	-	-	baseline:census-2026-08-19
implementation-python-final	s128-26	7d93119372e916ea4cfbd64110b3d9a9b5630c82227d1150c51b0c5b4aa8ae25	prose	-	-	-	-	baseline:census-2026-08-19
implementation-python-final	s129-26.1	fbbd09f110f0600b877232956d9b1554f5e961fde4a859fee4091d98578d3fb8	prose	-	-	-	-	baseline:census-2026-08-19
implementation-python-final	s130-27	958e62e5112ce06d67ac467339c5930c34ee3d60a9e9d3e43c62b40df1aec66b	prose	-	-	-	-	baseline:census-2026-08-19
implementation-python-final	s131-27.1	2da368867f62d169ad2fc777ca2dbe1d28d9d79b9f9c2aac9214793472e21f88	prose	-	-	-	-	baseline:census-2026-08-19
implementation-python-final	s132-28	7c43c7b2ac4f927a4a4362ec6f84d6c76ea9e1e314f13b35726f0d36d53e4206	prose	-	-	-	-	baseline:census-2026-08-19
implementation-python-final	s133-28.1	34a861d84a88a6ed875ef5a141b8390116d84f25072a6eb9300ebd1ad6796f69	prose	-	-	-	-	baseline:census-2026-08-19
implementation-python-final	s134-28.2	81a5058a84094b52e5209c9b56181941e8a85687165ffb38899f8fac86173afe	prose	-	-	-	-	baseline:census-2026-08-19
implementation-python-final	s135	8926c37fd204ecfeb5e9649396b3b6631cf2c60c5858ba58fa4599e11947b3e8	prose	-	-	-	-	baseline:census-2026-08-19
implementation-python-final	s136	b96eae5871921d2524e5936521b422aa0988fe0f14fab091c5c4fd20f0eee32a	prose	-	-	-	-	baseline:census-2026-08-19
implementation-python-final	s137	70242632552f1fbaefc6793cf36057f4af26637fd80fe51e87eda47369259e42	prose	-	-	-	-	baseline:census-2026-08-19
implementation-python-final	s138	9baf7e9d6388e195875cc8f021bea4300b0acc8ecdc1d23accabf81d960afd2f	prose	-	-	-	-	baseline:census-2026-08-19
implementation-python-final	s139	43f11d61c44deff79dc2a15628eca1bf3104adb2c33f14d9564a5cdbb2c06a8f	prose	-	-	-	-	baseline:census-2026-08-19
implementation-python-final	s140	7573b07fe10efd64348a7b20c57483a91a188e0f4c9bdfd99a453a3ca7eb5ddc	prose	-	-	-	-	baseline:census-2026-08-19
implementation-python-final	s141	b4414c9e5467f0c46dcbd3fc3fdf42047a4aad6db3037186f0d270ab929e4f61	prose	-	-	-	-	baseline:census-2026-08-19
implementation-python-final	s142	09e684d8bf80e6de22c76230fda75512e98a648cb7a79be7aeb99bd05d3af3bc	prose	-	-	-	-	baseline:census-2026-08-19
implementation-python-final	s143	8f2647d1af80e95cf2a2c2e9c7309cf0424a8b4ce6b1c37add91f2f928f8204a	prose	-	-	-	-	baseline:census-2026-08-19
implementation-test-skill	s001	d1b14e195a5c857e6cd377c3d0507f5551f7537263f1e9110d64e9de8c2f9020	prose	-	-	-	-	baseline:census-2026-08-19
implementation-test-skill	s002	285ac0aac9ac5ca5e99d4863de27dbaad0317a762fd7d34bb3ff05e8d1858026	prose	-	-	-	-	baseline:census-2026-08-19
implementation-test-skill	s003	21ef17698310637312cb423d3e138306bb4508777ce7d29cafb9c64f631cda57	prose	-	-	-	-	baseline:census-2026-08-19
implementation-test-skill	s004	7dfed9f89973d7f3a32d77c26edb11c92d3132eabdc50c9c82a2d4022463c024	prose	-	-	-	-	baseline:census-2026-08-19
implementation-test-skill	s005	bcb69e7130d6e0bd945d55c13476e0464750c805f235a65baffb0f3c299b319e	prose	-	-	-	-	baseline:census-2026-08-19
implementation-test-final	s001	b53a1da3d7446e2559bb3bdb31030ebd86ea1ef22f1bfe9466c51ebb036fcbef	prose	-	-	-	-	baseline:census-2026-08-19
implementation-test-final	s002	2a9e2de649fb9f4e285ee64259f3ab6c69cb431b1aa636a62cd752a7e459abb4	prose	-	-	-	-	baseline:census-2026-08-19
implementation-test-final	s003-1	54213a8dcc1ca8af81aaee4a056a5fe3ac5c74545e503bd50f6cbe5b1455c8b5	prose	-	-	-	-	baseline:census-2026-08-19
implementation-test-final	s004-1.1	9ae2411a13cc64250bf7c7bf4a8e58e2ba6256e1f67e32145331f72fe51a754f	prose	-	-	-	-	baseline:census-2026-08-19
implementation-test-final	s005-1.2	f7c0af1539f6def7067f529b27571a4c2f47d29d89a92316eb1343a0d8ab6439	prose	-	-	-	-	baseline:census-2026-08-19
implementation-test-final	s006-1.3	0547f3596593de04fecdeca7de1927112726741e10b0d1b6c91ec708ab444cff	prose	-	-	-	-	baseline:census-2026-08-19
implementation-test-final	s007-1.4	2071a67765e8cbfa84c559665ecbee2004724630ad8f449d87fe6dd3496c5203	prose	-	-	-	-	baseline:census-2026-08-19
implementation-test-final	s008-2	7df542d318fbc1962eb95a8d76a4053c3db76807ac58ce85fae1583fc810bcd4	prose	-	-	-	-	baseline:census-2026-08-19
implementation-test-final	s009-3	4a7d3335ab96927b66a93343e598e12cd4bfe08a6a48f64b3e55bdf8d1a50a87	prose	-	-	-	-	baseline:census-2026-08-19
implementation-test-final	s010-3.1	8d944d21d42992daa1ab825ade535db846f89332f7953eb9dfda20412a0bf20b	prose	-	-	-	-	baseline:census-2026-08-19
implementation-test-final	s011-3.2	de9299eaf4353ea41a40e070f3fc387a89afa58d3e249f54f3c9fd8edb872cf4	prose	-	-	-	-	baseline:census-2026-08-19
implementation-test-final	s012-3.3	2c560ce0834d6f7a3964e06d912ef485a7ebe6f06c461dd3251c77fbf80efef8	prose	-	-	-	-	baseline:census-2026-08-19
implementation-test-final	s013-3.4	6f320b05f03882fa9aa23f62bc7731436883a66c2efd577b701facd987483ee4	prose	-	-	-	-	baseline:census-2026-08-19
implementation-test-final	s014-3.5	bd428c5f326c91170770601a59631955ef08d72d62edad12511ee4d9440aa5e7	prose	-	-	-	-	baseline:census-2026-08-19
implementation-test-final	s015-3.6	8f24d9ec0609ea36e97de502922181fe07d37b5a6275f6852e1cd3b068e27ae7	prose	-	-	-	-	baseline:census-2026-08-19
implementation-test-final	s016-3.7	d99a9f69f954e9a724e653c57bb8c6f46ca99402d1c989fd8cec59c513b9d6e1	prose	-	-	-	-	baseline:census-2026-08-19
implementation-test-final	s017-3.8	b0e37618cfcf69ba2fe914c222978aaa01d533ebc68b14feace5fe2b601ccb52	prose	-	-	-	-	baseline:census-2026-08-19
implementation-test-final	s018-3.9	382cc35e6a81124ea5a3e3ec678dce95733ed6dcd6379b6302e820bfd55de8ab	prose	-	-	-	-	baseline:census-2026-08-19
implementation-test-final	s019-3.10	9a8ffd60ad2b29a824d133044016b957595790564d67769b9a69315fe8e56176	prose	-	-	-	-	baseline:census-2026-08-19
implementation-test-final	s020-4	3a8332b8ae630519b469c019a5be2328825724429f4034c50ab5a1acb1f8bd2b	prose	-	-	-	-	baseline:census-2026-08-19
implementation-test-final	s021-4.1	e3fd03cc1359a30c025a7a1496285623efad9ef5aac156147d4d4e42c6f114bb	prose	-	-	-	-	baseline:census-2026-08-19
implementation-test-final	s022-4.2	830e722de88079da0df0d7920d1abe70cd098ccfabbb44b73a30581b6857e4fb	prose	-	-	-	-	baseline:census-2026-08-19
implementation-test-final	s023-5	dfbd4676a2c648559b7e60fcd2c37609da2af9d2c9715dbcef3e890247e94e68	prose	-	-	-	-	baseline:census-2026-08-19
implementation-test-final	s024-5.1	6f7ec455dbf7311697a3baa31a1a8556090e6c6b69a7cabe8fe386912277ff8f	prose	-	-	-	-	baseline:census-2026-08-19
implementation-test-final	s025-5.2	00019ace31a9c77a44d6e2244a07facd1a84e96f94bbe776a3161e9213b39fd2	prose	-	-	-	-	baseline:census-2026-08-19
implementation-test-final	s026-5.3	d3737625ae52c31103af8146726fb98725e0e0bbbbc321e892964eb68ae64642	prose	-	-	-	-	baseline:census-2026-08-19
implementation-test-final	s027-6	31be8467dbed8d41ca82341be56f81ee0ba3987cd3a91b679c481fbbaa9671df	prose	-	-	-	-	baseline:census-2026-08-19
implementation-test-final	s028-6.1	2a149e92bd14fb4e7376950a71229077dacdbeb7048977b8382921b40b65cf41	prose	-	-	-	-	baseline:census-2026-08-19
implementation-test-final	s029-6.2	6b15e3eac0d6fb5c4fb382458ecfa8b92f30bf3d6ab9eb7820da96bef83904cf	prose	-	-	-	-	baseline:census-2026-08-19
implementation-test-final	s030-6.3	a61321428321a6406cccb13b7b687f640ef1f0a8d3755b3496a52bb16aa20f6a	prose	-	-	-	-	baseline:census-2026-08-19
implementation-test-final	s031-6.4	388e93f4af95b2bce76c51225d0a168dfdc001a7374815ab906119416ce1dac8	prose	-	-	-	-	baseline:census-2026-08-19
implementation-test-final	s032-6.5	c2d242f4ece86729d3b59a8be35213865b34c690b801a1f3ed387d64763cc68c	prose	-	-	-	-	baseline:census-2026-08-19
implementation-test-final	s033-7	f0d0278c81823f3ae6162673052b594d81b2ee61be236c7d4bb9935530dee978	prose	-	-	-	-	baseline:census-2026-08-19
implementation-test-final	s034-7.1	ff5c9c75d2ecfe2ac898752361a740b2ab132d519d0118cbf8161edaaccb1c88	prose	-	-	-	-	baseline:census-2026-08-19
implementation-test-final	s035-7.2	53cc92ab5d87709d6db809d156757b13fe235aa65c2cc3356a06c4ef38de0287	prose	-	-	-	-	baseline:census-2026-08-19
implementation-test-final	s036-7.3	8150955387b6c8895a4a31c9d6fcfaee6c06f9733c4b75e016f14da3aff940a1	prose	-	-	-	-	baseline:census-2026-08-19
implementation-test-final	s037-7.4	337280663130551894926087837d664f91e72214e0f5d604ca1452988cfc3681	prose	-	-	-	-	baseline:census-2026-08-19
implementation-test-final	s038-7.5	201d4cb533432b39650a4a7d71680928c6010825e3272ded0ef5fc500f84b628	prose	-	-	-	-	baseline:census-2026-08-19
implementation-test-final	s039-7.6	81d4c4b1d3b0ba84647b8ee9e3640c07cf886e10e7c174bf8d189c9e705031d1	prose	-	-	-	-	baseline:census-2026-08-19
implementation-test-final	s040-7.7	d5a1751eb94d20888cee305ab7d987a4a206ec7b1e8dff165bfab6a7f70ee4f6	prose	-	-	-	-	baseline:census-2026-08-19
implementation-test-final	s041-7.8	fc1c60af9a286800aa3a56c08a09645596fa1024686965394e35e6ef98db2d3a	prose	-	-	-	-	baseline:census-2026-08-19
implementation-test-final	s042-8	d0eea5041d167ea838fb042263d3170e013b01a134fdf3c69d7f6f8a1ef468e8	prose	-	-	-	-	baseline:census-2026-08-19
implementation-test-final	s043-8.1	37072c057097859d08b3856cd7b40e7ecc8586536f675f001e803c2d241c2508	prose	-	-	-	-	baseline:census-2026-08-19
implementation-test-final	s044-8.2	3d0168d310e96e2ccd70ee9982df58a748eeeff423288be77355cf06e74f62fd	prose	-	-	-	-	baseline:census-2026-08-19
implementation-test-final	s045-8.3	30408928b380521d98009b8900d90774bb786789a8af928db8d82197e5441e5a	prose	-	-	-	-	baseline:census-2026-08-19
implementation-test-final	s046-8.4	5bbf43f5104eef7a43e2012b668f663605726b932facdf93f1d7fc5b065ccfff	prose	-	-	-	-	baseline:census-2026-08-19
implementation-test-final	s047-8.5	cdf0772b89eb260cee7bc67af6f13fb11cfeab2287d047d456ce5fa635cfd198	prose	-	-	-	-	baseline:census-2026-08-19
implementation-test-final	s048-9	ccc02a2d5c1d896fc26993b82ebe87ade05c587c987538b50e5e0ac0faad759e	prose	-	-	-	-	baseline:census-2026-08-19
implementation-test-final	s049-9.1	91ee87bd75ba076c6282124ec788b085188db37270f7f92ea292b6e4c2612975	prose	-	-	-	-	baseline:census-2026-08-19
implementation-test-final	s050-9.2	33f24dafa580af08aca8281978ea0882521559730fe62266e306771b894b8005	prose	-	-	-	-	baseline:census-2026-08-19
implementation-test-final	s051-9.3	e9f4165ecde2174e81a2d9e85ad0392e969c917020e5d73ea081c54bea62bceb	prose	-	-	-	-	baseline:census-2026-08-19
implementation-test-final	s052-9.4	06fcee75aba869adce35c07c171fb6a37a35b33035e0463a83918b615cbd32bc	prose	-	-	-	-	baseline:census-2026-08-19
implementation-test-final	s053-9.5	161a540b0b6ae536e2afc189609a6dbc8cd215658eaa37bd8e040d7f9d0583db	prose	-	-	-	-	baseline:census-2026-08-19
implementation-test-final	s054-9.6	3f82e1a4af90d6f87387eb10ff0d226de3ef60dfe045b2a2acc92a9558c50437	prose	-	-	-	-	baseline:census-2026-08-19
implementation-test-final	s055-10	303176b9c47fa25a6262e259d09ce1c2c0e8944a4dc05487bcf049e3807cc554	prose	-	-	-	-	baseline:census-2026-08-19
implementation-test-final	s056-10.1	de9da823c839e5d466f8023c149c2b0dcdd38578d7d8235caf3cef4839a22934	prose	-	-	-	-	baseline:census-2026-08-19
implementation-test-final	s057-10.2	37ecb628b503aded44cca53f7a3446ae16eb9db0d01307eee0b9104b7ddf2cb6	prose	-	-	-	-	baseline:census-2026-08-19
implementation-test-final	s058-10.3	78513cf0d4e12ea96f6791ba20b7d54ca4a8395e79c1e489cf6fe69fd78ca38c	prose	-	-	-	-	baseline:census-2026-08-19
implementation-test-final	s059-11	e632878371d1024a8ee3f3b18f59b998e7afd9dfa304ef7b154d71db67e66a15	prose	-	-	-	-	baseline:census-2026-08-19
implementation-test-final	s060-11.1	119ddbc58268ddeec8f9953dde1bf97cc86296dfe9e4ec71315d7cd2fbee7f37	prose	-	-	-	-	baseline:census-2026-08-19
implementation-test-final	s061-11.2	be2f6e7a576e96b4b611231c79a0457085642b578f0f60940913ad0608e50a7e	prose	-	-	-	-	baseline:census-2026-08-19
implementation-test-final	s062-11.3	72b5542a3435f4f856968e2e4489c1ea300c9ccabd26457a805b68a4b6bc54b6	prose	-	-	-	-	baseline:census-2026-08-19
implementation-test-final	s063-12	fc1ce1fad9503b2288a032e2e37ddcd93e77b2cd103a3cf1c4c30e610f7bcd55	prose	-	-	-	-	baseline:census-2026-08-19
implementation-test-final	s064-12.1	5ffcbf36bf865510f63ae22c65cea38a2f39365dbeada8b5e05efce636bf2ceb	prose	-	-	-	-	baseline:census-2026-08-19
implementation-test-final	s065-12.2	f569c92fd549de1e411af148673a1106446244ce919bc0065cbfd240518f3e36	prose	-	-	-	-	baseline:census-2026-08-19
implementation-test-final	s066-12.3	65fcca9e6e66a7fd23540d094eae531aed97f093124ab670010a0089f3e29d4d	prose	-	-	-	-	baseline:census-2026-08-19
implementation-test-final	s067-13	327b50c4689c76eb6060d0b86bb3e11746402bd05b4461b1668cac445a0d770e	prose	-	-	-	-	baseline:census-2026-08-19
implementation-test-final	s068-13.1	35cf07defefa5e2d99b72ab742ad8d6b464c4f083ddf6f317708b7058449c598	prose	-	-	-	-	baseline:census-2026-08-19
implementation-test-final	s069-13.2	dd42fe7bc72da52e21b8b4fa9095e5fb0197612d56e03175c37dd270ff07012a	prose	-	-	-	-	baseline:census-2026-08-19
implementation-test-final	s070-14	55e43ef3222383da7c2209beb3e676c2a23fe89638ef302c2ba57f5ed24bc892	prose	-	-	-	-	baseline:census-2026-08-19
implementation-test-final	s071-14.1	a0db45218319aaf06c6a2398b10e7dd36c13a5bf6d8a349a9281ebca471c8524	prose	-	-	-	-	baseline:census-2026-08-19
implementation-test-final	s072-14.2	a78903c11c075ea32e696444e27bb9f51d573874d0819d2c1643e4e59b0b92e3	prose	-	-	-	-	baseline:census-2026-08-19
implementation-test-final	s073-14.3	df0a84fcae19c75db33c91b01a004088ba9674c92ceb0b4090431dcf1f4c9c8b	prose	-	-	-	-	baseline:census-2026-08-19
implementation-test-final	s074-15	e963ddb7c9e9bd508f38c853e433387432da33f2b9b61887112ac5d332dfd18a	prose	-	-	-	-	baseline:census-2026-08-19
implementation-test-final	s075-15.1	360fbf03421b05e91f462c9d680cc2c5891bf351cd5f7e08c3b97cb8429bc2bf	prose	-	-	-	-	baseline:census-2026-08-19
implementation-test-final	s076-15.2	d4c0cb5fdc84798d08e3dbfb371d4b8771a9fd14f1e1784ee8608df2ecfab202	prose	-	-	-	-	baseline:census-2026-08-19
implementation-test-final	s077-15.3	10b97307873b28f9de20313c568fcd1bbb015c62dbaac7f41321715fe672f804	prose	-	-	-	-	baseline:census-2026-08-19
implementation-test-final	s078-15.4	0412a987bb23b3cb6b462c88eaeb456077b1bf0bbf80596a215af976ae9c8632	prose	-	-	-	-	baseline:census-2026-08-19
implementation-test-final	s079-15.5	5beb4d4569e213d4f8c173e937b5cedfce05d6144677c43d1363ee0782e7b6d6	prose	-	-	-	-	baseline:census-2026-08-19
implementation-test-final	s080-16	87b292b94b848910c1b8976047630f369f67a2d8fd84d21753d101d6a4507255	prose	-	-	-	-	baseline:census-2026-08-19
implementation-test-final	s081-16.1	e017be54536487fdcbfb30b5b4ea9f583b07d61a7f62c8f513deb9f6b9d45f48	prose	-	-	-	-	baseline:census-2026-08-19
implementation-test-final	s082-16.2	7d14f81062bcb8481fcf1dc6f5e6813787b94a83b8af937957792ec4b181d7be	prose	-	-	-	-	baseline:census-2026-08-19
implementation-test-final	s083-17	bc8345b47adc944850048272856bdec2adb7f9771352af7183febd900dda1e05	prose	-	-	-	-	baseline:census-2026-08-19
implementation-test-final	s084-17.1	1f416628e5f16ab3ca07ac62d526f5fb04dbf272b8b1232cfac5cd4a0eda69ee	prose	-	-	-	-	baseline:census-2026-08-19
implementation-test-final	s085-17.2	e5dbbfb7f37ac64be5b31a0792dc1be51a6d015b2f33f0c78596e044aee60a09	prose	-	-	-	-	baseline:census-2026-08-19
implementation-test-final	s086-17.3	c486f0a38b80c55f50f8a0425dac9bc26a64cfe9a55fc2df2f440dcb405490f2	prose	-	-	-	-	baseline:census-2026-08-19
implementation-test-final	s087-17.4	079f9b4b010d272e6f0e8391e97733defc6afc45662099a036b122c60d8cf5e0	prose	-	-	-	-	baseline:census-2026-08-19
implementation-test-final	s088-17.5	ed8c4f9ec16c9fafab709b132f7991583a12327d29e1b20e94917ee518d2eb35	prose	-	-	-	-	baseline:census-2026-08-19
implementation-test-final	s089-18	d8a2fe8bb8e287bf2aa5b95c9e965e9ca22b0baa916bb76de45b02459aeaff11	prose	-	-	-	-	baseline:census-2026-08-19
implementation-test-final	s090-18.1	d84cd50d8f3a949fc51b1fa76dd45f588ffd8be29f645b83d2384b87a61ec955	prose	-	-	-	-	baseline:census-2026-08-19
implementation-test-final	s091-18.2	291c838c38b6108b4ab0981726014f83bf3a99ec714c87a4cdecdde86b5885b3	prose	-	-	-	-	baseline:census-2026-08-19
implementation-test-final	s092-19	b2d6c21bcff3914c31a7508ca4a4da332cc5a93a256a7771ef56b503769145fc	prose	-	-	-	-	baseline:census-2026-08-19
implementation-test-final	s093-19.1	2c7278b6d5ba622cc4c3c573d5622a8d5a0b4c831d7d114d311669b6a417b0a2	prose	-	-	-	-	baseline:census-2026-08-19
implementation-test-final	s094-19.2	7fcbf40af1b9ed27bb5942de66fc774259170b482c4083e89975bce81e44aa8e	prose	-	-	-	-	baseline:census-2026-08-19
implementation-test-final	s095-19.2.1	16b7e799fa3f95790d2f3e8f0e6dd5d90e3e7279ad92bdfde7ed3079acdf3bd8	prose	-	-	-	-	baseline:census-2026-08-19
implementation-test-final	s096-19.2.2	81cd298ca90843a905260216c3d728d11aa66e6954956698740776004f10797a	prose	-	-	-	-	baseline:census-2026-08-19
implementation-test-final	s097-19.2.3	6d1f0c60f402f1b0ab10fe96e7eedd83494f8bf33158fa37560cc927e3e8d869	prose	-	-	-	-	baseline:census-2026-08-19
implementation-test-final	s098-19.3	f521d6fe7b422794b01ae6bbea7bf8772ed2f3dd54f3c2ad2227749e6c4bf03e	prose	-	-	-	-	baseline:census-2026-08-19
implementation-test-final	s099-19.4	5a2c93dab76869f9c62b1f0f8a6ce55d10e72e71dd6d6cc7645dc95505ee5fcc	prose	-	-	-	-	baseline:census-2026-08-19
implementation-test-final	s100-20	f8e2561268eccfbeb96d5a261c2c7c90094a91af8be17147f874a63df60f1aa4	prose	-	-	-	-	baseline:census-2026-08-19
implementation-test-final	s101-20.1	b628c81cb8591ccab09640c9ee41c6596ee6c65ba3c66537f193d324839323cf	prose	-	-	-	-	baseline:census-2026-08-19
implementation-test-final	s102-20.2	04c528df57a26cb2aff41d96832429fc13f23cc6a589eeca2d485c2801cac698	prose	-	-	-	-	baseline:census-2026-08-19
implementation-test-final	s103-20.3	429231d0a9ea1b3e6bfa849542259507c0356603d2dcd4265ca9ea60bbe75af7	prose	-	-	-	-	baseline:census-2026-08-19
implementation-test-final	s104-20.4	12300e93d0f0505ed788c065720ca63d1b7f384fdfc63a6a918934d195c25509	prose	-	-	-	-	baseline:census-2026-08-19
implementation-test-final	s105-20.5	ade5cfd4085ad1315cf0fb49e4c85ab7c81b4cdc6258b09387b86603fd8826d3	prose	-	-	-	-	baseline:census-2026-08-19
implementation-test-final	s106-21	55c74ec2c7205a5a74786e1dbddce9de859eb430b7a794a5c29b51c77149d986	prose	-	-	-	-	baseline:census-2026-08-19
implementation-test-final	s107-21.1	466f7d88fe269c6357d1ecf44fb2a7fe98564f0ce6b27e0485c1d68fb646336b	prose	-	-	-	-	baseline:census-2026-08-19
implementation-test-final	s108-22	264a10a6602d8891527132935a227b676112590f4c0fbcde137525ee5aa0304b	prose	-	-	-	-	baseline:census-2026-08-19
implementation-test-final	s109	be3e83f1c09cb16b291ae1be6baf75c68bd2c6d4401211e6dd243ad5cc20c5b3	prose	-	-	-	-	baseline:census-2026-08-19
implementation-django-skill	s001	24e7ac8bed064b153ffd7d04596532c5ac00003e0c0c86e7b1f0f0d53e2a757f	prose	-	-	-	-	baseline:census-2026-08-19
implementation-django-skill	s002	55b473a06eff45a8178aeca0bc6514185a33847400d77ef5e9a96b489a1dd981	prose	-	-	-	-	baseline:census-2026-08-19
implementation-django-skill	s003	c5c62b0551e7668f222f77b5c4824d8131d716b9e34ecb0f48f998972192064d	prose	-	-	-	-	baseline:census-2026-08-19
implementation-django-skill	s004	537503d98f201b8facc43e681f9ac19ae4bd8b8b05d61b8f3c7a5689b79b94a0	prose	-	-	-	-	baseline:census-2026-08-19
implementation-django-skill	s005	ba0c5c1bb6342f7854eb1e9ef2976f5aa683bf98d4c3c56f009e77a87a71dcba	prose	-	-	-	-	baseline:census-2026-08-19
implementation-django-final	s001	5e0bb8eba79b4a3e4e587955ea7d05703ade8d530b11d98199dab7e288eca00c	prose	-	-	-	-	baseline:census-2026-08-19
implementation-django-final	s002	0929ba29ef764d76b21e70fb9125833ff2bc01b65413f0a19e52d0d03b1aa4eb	prose	-	-	-	-	baseline:census-2026-08-19
implementation-django-final	s003-1	b3254024012c4a70ed78bcb1a89f57fff93a482e62aca8d003b8479ad0451c82	prose	-	-	-	-	baseline:census-2026-08-19
implementation-django-final	s004-1.1	4a8f8f03ccefbcb76b626cf5256b77c1da8786ad66689bdee85c052d1fdd3e21	prose	-	-	-	-	baseline:census-2026-08-19
implementation-django-final	s005-1.2	b0ccf11bd50155744438d8fad8d4e94a6f57b895959d174b9ba24fae788856a8	prose	-	-	-	-	baseline:census-2026-08-19
implementation-django-final	s006-1.3	d6190d22512efee1e135d7dfd6733f6b2749b411a33c1b26c074aa1c39b76623	prose	-	-	-	-	baseline:census-2026-08-19
implementation-django-final	s007-1.4	f107172c2019cee67833bc9e884b36301dd099b7341577d8e91f3ccd38adb2be	prose	-	-	-	-	baseline:census-2026-08-19
implementation-django-final	s008-1.5	0f5ae2b1a6f4a79592ac091f70ab04145aec5f7506dd3bc6a3ae2db5fb104e98	prose	-	-	-	-	baseline:census-2026-08-19
implementation-django-final	s009-1.6	451ea13fa93680202c520964e4a6de9ecb71d86aa57c3f4e137bae217f8472de	prose	-	-	-	-	baseline:census-2026-08-19
implementation-django-final	s010-2	aa8927451db5f8b421248184020f49e503c2d9c09da658f6500610b96e7c6637	prose	-	-	-	-	baseline:census-2026-08-19
implementation-django-final	s011-2.1	aa00b51f10b1e9ba6273602f057309719ba5e96dc5e01b6ed13782111e2a3fe3	prose	-	-	-	-	baseline:census-2026-08-19
implementation-django-final	s012-2.2	7353c3364bab4ec1ba817d2ac06bf65473d01b471603e6efa63ac2580b53262e	prose	-	-	-	-	baseline:census-2026-08-19
implementation-django-final	s013-2.3	6be1a3739748f17afdf22d93c76a8c4ad35cf3407e9c56eea4665409427e8998	prose	-	-	-	-	baseline:census-2026-08-19
implementation-django-final	s014-2.4	5773d90c827bc7a880dd4c517ec4f0651962327234d49c6f45f7050c61038530	prose	-	-	-	-	baseline:census-2026-08-19
implementation-django-final	s015-2.5	2d4914e0a1a0e05a9b1827d08639d47667e626f33ce5595c534389532c82ce4a	prose	-	-	-	-	baseline:census-2026-08-19
implementation-django-final	s016-2.6	0b5356f67daf71e77b1cedf1a503c6fd3f44ab02cfe3be4a01761464f895ab46	prose	-	-	-	-	baseline:census-2026-08-19
implementation-django-final	s017-2.7	1ef4512b26ff761d48a587557da399f44f41eaf148ef61d1f981e31bc76e4d4c	prose	-	-	-	-	baseline:census-2026-08-19
implementation-django-final	s018-3	ced15d1210f6f09731cde3b8664c28789e22299fa017871c9ed903059ca4122f	prose	-	-	-	-	baseline:census-2026-08-19
implementation-django-final	s019-3.1	3a6ebf24e65e306a2fee7b1ead4bdc104b3836548c45f536c129a2c9b8b676e2	prose	-	-	-	-	baseline:census-2026-08-19
implementation-django-final	s020-3.2	40a39f3be4ac9aa74dc30fc69b0c0615599dcb0d23b09bb697d9c4cb4e6cd074	prose	-	-	-	-	baseline:census-2026-08-19
implementation-django-final	s021-3.3	7acb814b7c70f73e29350b10078c5d99bec44f934074103e71f839a184dc1de0	prose	-	-	-	-	baseline:census-2026-08-19
implementation-django-final	s022-3.4	847b1798d638659fd828eb1a218c2bf15f1d3174937149043a8c3153e12d8f2c	prose	-	-	-	-	baseline:census-2026-08-19
implementation-django-final	s023-4	a369648b7e3444326988f961ec30776e982634398aeb1f3daffb55c1478217c7	prose	-	-	-	-	baseline:census-2026-08-19
implementation-django-final	s024-4.1	3ca17d0a25a9db2472bc2764e00baadebad2290e9caf76a10fca779609e4b644	prose	-	-	-	-	baseline:census-2026-08-19
implementation-django-final	s025-4.2	7d777c131319b4bc913106900c970411022c3103bf6e10dcc5bf8491ab6cd878	prose	-	-	-	-	baseline:census-2026-08-19
implementation-django-final	s026	6a78bf1546940889c95caf5a54518d4a6c336fd9a6e067e48d5aa6506382a968	prose	-	-	-	-	baseline:census-2026-08-19
implementation-django-final	s027	b420b232e3f1c9af8735f97e485cc1713e1e8d3476e3269d320e8d6cf3496cf3	prose	-	-	-	-	baseline:census-2026-08-19
implementation-django-final	s028	a51700cdc62bb1c2d3a5f9281a95f116d851e67442162b42ae7f15f391d7b104	prose	-	-	-	-	baseline:census-2026-08-19
implementation-django-final	s029-4.3	920e84df246ee182cb00d62a880f6d829b04d754145e62823279d72f83a27864	prose	-	-	-	-	baseline:census-2026-08-19
implementation-django-final	s030-4.4	910410a81b9ebafa93cfff7e18cd9a53402d73ece1cb778895a98c9eb3478618	prose	-	-	-	-	baseline:census-2026-08-19
implementation-django-final	s031-5	0001a91a453386e9ec53511c7191d216e3d07603dd4c10424fcfaa44267db008	prose	-	-	-	-	baseline:census-2026-08-19
implementation-django-final	s032-5.1	a3fe3069dde2c24d9681415ba403674b1f12feb7ca9d9fe3a8c311e4ce170065	prose	-	-	-	-	baseline:census-2026-08-19
implementation-django-final	s033-5.2	f825498897cfaf1a82e0ca3938d74a4a906cb758f4d36d0df08425f403bca183	prose	-	-	-	-	baseline:census-2026-08-19
implementation-django-final	s034-5.3	8eec354720e574abf1688c021b1582ff41e47b2c0b7435049846e8139b58f651	prose	-	-	-	-	baseline:census-2026-08-19
implementation-django-final	s035-5.4	269868d987830b030cd5026647b1cfa28d77aa3130e77765988594cca7abc455	prose	-	-	-	-	baseline:census-2026-08-19
implementation-django-final	s036-5.5	9cdaec42f71ce38480766be368df8aa71a859eafcb7ff66a32eae9edd34b835b	prose	-	-	-	-	baseline:census-2026-08-19
implementation-django-final	s037-6	43d5b0b6b8b364fd3bc67a15aa252998815b9a4d018d4c5161049c2b94697327	prose	-	-	-	-	baseline:census-2026-08-19
implementation-django-final	s038-7	c9bd86340c4c1a5a9994f72ba491f0f8fac3de9046234163165a50533854fd8e	prose	-	-	-	-	baseline:census-2026-08-19
implementation-django-final	s039-8	aa3a86da23f449287ca14e5cbf7660bd21e3a9b7d0b4540003c0c4c0f66b58d5	prose	-	-	-	-	baseline:census-2026-08-19
implementation-django-final	s040-8.1	9848b1e092f29601e0862ebadae9b02fecaed2134cd3ffa1252f50902f2df988	prose	-	-	-	-	baseline:census-2026-08-19
implementation-django-final	s041-8.2	b047b0f3872040860893029d4e45b6e9893d94190ee4541816178091746d06c7	prose	-	-	-	-	baseline:census-2026-08-19
implementation-django-final	s042-8.3	fcda8994b178c3b46de8a323fa902a88740098a53972c79a745046edd0ee78e4	prose	-	-	-	-	baseline:census-2026-08-19
implementation-django-final	s043-8.4	c278c78644523727dc431d987324a0e59cf7432889ea5e0a50198c25fe127d95	prose	-	-	-	-	baseline:census-2026-08-19
implementation-django-final	s044-8.5	e051b3c733c4131df94920c9ad916a6cd4197bbe64449d3c6537054a9b0796b1	prose	-	-	-	-	baseline:census-2026-08-19
implementation-django-final	s045-9	3b10aedd996ca2ba323c0f5752920e249b713688bdffe3592b816c755c3f28de	prose	-	-	-	-	baseline:census-2026-08-19
implementation-django-final	s046-9.1	f9d9dcb8318e669e3ef177022dd55f4862177af71e466cddd1a3294a87f09408	prose	-	-	-	-	baseline:census-2026-08-19
implementation-django-final	s047-9.2	7c118ee384e7c0f2a5ef145479a8fb802b820a424d0384ae7c04723aa98e6db5	prose	-	-	-	-	baseline:census-2026-08-19
implementation-django-final	s048-10	121fbe50ec4400d81b077a1532fc492af16ffa6f86b6d58a515c998ca3a60c31	prose	-	-	-	-	baseline:census-2026-08-19
implementation-django-final	s049-10.1	111feeb383ffa148e0d616308910ab6d4804b2466aa3d5387a8db68061fcb55b	prose	-	-	-	-	baseline:census-2026-08-19
implementation-django-final	s050-10.2	4462562efc44bc6c3da9ad1cf355cbbba6ba1cb56d75fb8766d3891c3d4a58f4	prose	-	-	-	-	baseline:census-2026-08-19
implementation-django-final	s051-10.3	5c9861daeb949dfa55e82c609979b5beb627d95ae42afe40aef3e6428eecd78c	prose	-	-	-	-	baseline:census-2026-08-19
implementation-django-final	s052-10.4	f7180fee98f35c7a85ee0a36aad391c90dd1dc659784e174c54d974cc82f438b	prose	-	-	-	-	baseline:census-2026-08-19
implementation-django-final	s053-11	bce3d6f5ccc4dd0640324137e75f21f33cd2dd0b9af75bdf2c4d390fdbbd3d2c	prose	-	-	-	-	baseline:census-2026-08-19
implementation-django-final	s054-11.1	e0d77968de667e83ac6b18f03897e696ea2ea1bb78d605c9a260ede9952d1ba1	prose	-	-	-	-	baseline:census-2026-08-19
implementation-django-final	s055-11.2	f2399317b9a44548f507b952a91bc5110349006d09c085d5eef7f413d983b546	prose	-	-	-	-	baseline:census-2026-08-19
implementation-django-final	s056-11.3	04262467bbf500c6333052a54bcc43d169ed3433347d7824b18f073c6e83f61e	prose	-	-	-	-	baseline:census-2026-08-19
implementation-django-final	s057-11.4	8718700470685b097b554880e1150f5be64ea517310fa6e7ae23b35cda535c5b	prose	-	-	-	-	baseline:census-2026-08-19
implementation-django-final	s058-12	44da06d9d18a375d4426039091aa00099f7075f7ee084ff29eb5a8e36bf7ca22	prose	-	-	-	-	baseline:census-2026-08-19
implementation-django-final	s059-12.1	1a5faa683ebca649824419aeee1a30e4d6561f1e8f361a0c31342993d881f5ba	prose	-	-	-	-	baseline:census-2026-08-19
implementation-django-final	s060-12.2	06c7909cfcf7b7f2fea2f8baa68fb417bb431b2236b7fbcf02839e0719970dbe	prose	-	-	-	-	baseline:census-2026-08-19
implementation-django-final	s061-13	13b9707df557e6984405b57839d58f709ff8e24c9de7b429989ad0a8736cbf1e	prose	-	-	-	-	baseline:census-2026-08-19
implementation-django-final	s062-13.1	1b8f05f242e5cfa51ee4212ea8cea1866e25224661b411e8105300cbfbdb8c32	prose	-	-	-	-	baseline:census-2026-08-19
implementation-django-final	s063-13.2	470a85c7d8721c254fd9dbd2a95be1a9021122d46bf9da99cefa115e8f7fc3e8	prose	-	-	-	-	baseline:census-2026-08-19
implementation-django-final	s064-13.3	dbc54227d599c3a432993b45bccb542c875a784f3439dc1cf0bbd0bb50c4eb69	prose	-	-	-	-	baseline:census-2026-08-19
implementation-django-final	s065-13.4	9b88f235b3bc1b50c39b88f5b9e7c61316e69cb1c0804b568ec8c29c78253639	prose	-	-	-	-	baseline:census-2026-08-19
implementation-django-final	s066-14	1eec7958656d1176a14c0fd2983879f1187d65b7e59ece062e5efec7c5f01af8	prose	-	-	-	-	baseline:census-2026-08-19
implementation-django-final	s067-14.1	d03987913bafdc633c2394e8627291c4e5e7ecb1062d110d7215894c5aa0c60f	prose	-	-	-	-	baseline:census-2026-08-19
implementation-django-final	s068-14.2	551a6f00301ea3d2115bb1e0b5ecb6e06b6719b319d670299aed70e18afed647	prose	-	-	-	-	baseline:census-2026-08-19
implementation-django-final	s069-14.3	df469accf49fe724e733f9d0c3038ace194743243f1d712bb40704f5843c0be6	prose	-	-	-	-	baseline:census-2026-08-19
implementation-django-final	s070-14.4	66cd4fecf7f40367123707e84942e19e5789977b911ff0ebc74bd8bb84f38086	prose	-	-	-	-	baseline:census-2026-08-19
implementation-django-final	s071-15	6a26105ce5a32497db8628a9399d024251957ded942e9cc3ab9f4893622351b2	prose	-	-	-	-	baseline:census-2026-08-19
implementation-django-final	s072-15.1	9819bd3d065a1bad749d7000b6309fcda0176ff98169035ef78885e8282afc6f	prose	-	-	-	-	baseline:census-2026-08-19
implementation-django-final	s073-15.2	b460f9625ff6c88bb64bfce56537965c0af5636c61df0e115e0e1b2f0199647d	prose	-	-	-	-	baseline:census-2026-08-19
implementation-django-final	s074-16	15ecfa4c33d5a745496c053c1d1aece5e31ae5c3c96f94319fbfc8b78e6480db	prose	-	-	-	-	baseline:census-2026-08-19
implementation-django-final	s075-16.1	701571f8e6f115958cd2760f3064e9c640263c7b27f3f40341a2dca44c0d054d	prose	-	-	-	-	baseline:census-2026-08-19
implementation-django-final	s076-16.2	39aa46b3aeab7469d2278b3c0a3e16fb3d948adaaae605334b7fd19a8d24507e	prose	-	-	-	-	baseline:census-2026-08-19
implementation-django-final	s077-16.3	af73f1f2b59f350579d871e3efa69b7322aa09bfb0e7b137dfc48e27082d5517	prose	-	-	-	-	baseline:census-2026-08-19
implementation-django-final	s078-16.4	5077b16043a2e9cb76f99c11510137069b0507973aa88d4e49fd2386c5237d35	prose	-	-	-	-	baseline:census-2026-08-19
implementation-django-final	s079-16.5	8813953b584a344acb93ac44772d59ef70f341c70bade4e0ea93487fcb67d579	prose	-	-	-	-	baseline:census-2026-08-19
implementation-django-final	s080-17	03d12f2a7903bd1eded07610a639a11c16dd664d319cb8527459403e8aec12e6	prose	-	-	-	-	baseline:census-2026-08-19
implementation-django-final	s081-17.1	da2c4209fa9ed6b9fbc2d04c9e09fa0cb98a26e4a3dd309c92db7829941ce02a	prose	-	-	-	-	baseline:census-2026-08-19
implementation-django-final	s082	90c9c10957f5323ce493a678d57fbafb2bccbe5b1fb974a41a349c853ed8f729	prose	-	-	-	-	baseline:census-2026-08-19
implementation-django-final	s083	cb40845f4a37f1b6f970009ede8c9f23da4064d15cc615d104e70895a75632d3	prose	-	-	-	-	baseline:census-2026-08-19
implementation-django-final	s084	7a93e1e1556c65ac927840981aa22369bdcb38c0e5313c8d9a3810b0be05808f	prose	-	-	-	-	baseline:census-2026-08-19
implementation-django-final	s085-17.2	7d396b0b5207bb4492e0e4991176ea83057d751da41133b2dbb8990b9c482c5a	prose	-	-	-	-	baseline:census-2026-08-19
implementation-django-final	s086-17.3	916b57bdd5c808cc211b8a75f0aee6689df2df127ed13c479edca1ffa6f2d09e	prose	-	-	-	-	baseline:census-2026-08-19
implementation-django-final	s087	8f332e86eb740e666e7481942c4e781b187883fc1d3ee1bf50cdd2d6cce019e9	prose	-	-	-	-	baseline:census-2026-08-19
implementation-django-final	s088	dc7714a209622564e1a86c307f0fda5e528f864c9503d095220e5e3f45d97cc5	prose	-	-	-	-	baseline:census-2026-08-19
implementation-django-final	s089	26413d5748bc2d2df4068af223fabc531bbd1a3d29029fac8e95261414e8cc9d	prose	-	-	-	-	baseline:census-2026-08-19
implementation-django-final	s090	35f51f71d4e67bb2728a5ba99bf8794e5b5373fc275085bea179112fd1ae98f6	prose	-	-	-	-	baseline:census-2026-08-19
implementation-django-final	s091	b4dc38aa2c7abab42b3f2442e3d097352344b3870bb4b212c9bd228bf0db861e	prose	-	-	-	-	baseline:census-2026-08-19
implementation-django-final	s092	f43fe4114594afbc80cb3df358e5f7cc5ba1ceab514a0959d27509702e06df6f	prose	-	-	-	-	baseline:census-2026-08-19
implementation-django-final	s093	0f9996e73673d3711e7ab7046826001247921dd1b4909d4a66ef6e08d6d8e5dd	prose	-	-	-	-	baseline:census-2026-08-19
discipline-tdd-skill	s001	237ab84a29ac91a6f69667290700de288170f0639a1addd47c64d779343cedb6	prose	-	-	-	-	baseline:census-2026-08-19
discipline-tdd-skill	s002	2d8df6453c6bc77d2b2dd5de389c5959fa4266808615134fa2efc347b25a4969	prose	-	-	-	-	baseline:census-2026-08-19
discipline-tdd-skill	s003	22645a8dc56925ef63f11e07971e00211c9a5bee0e99abeb12e59b898b8de23e	prose	-	-	-	-	baseline:census-2026-08-19
discipline-tdd-skill	s004	25e27e2ea1c4a63979e940f62dfbab6bcad8d07349e8a0f0151677ad1a2797e7	prose	-	-	-	-	baseline:census-2026-08-19
discipline-tdd-skill	s005	b576bdbfad15d9d713493ba97f1e16c4623e3aa7deba5336fcba0a958e3184c4	prose	-	-	-	-	baseline:census-2026-08-19
discipline-tdd-final	s001	35e63c05321876c7370ce0e099dcee056073f1b01cc80d489cdb9e81207e6c77	prose	-	-	-	-	baseline:census-2026-08-19
discipline-tdd-final	s002-1	baebbb1815eea99c8321edf523fa953d72f185e2a1fac446d859e92e3e1aab8e	prose	-	-	-	-	baseline:census-2026-08-19
discipline-tdd-final	s003-1.1	ce8b8914a00052bc83cf5e0442d9ccc8ced0162ec7521e4532c01b580dcb4535	prose	-	-	-	-	baseline:census-2026-08-19
discipline-tdd-final	s004-1.2	078918756b37e9c6a896cc622300d30a9bb3740204b39db12007717153ed803d	prose	-	-	-	-	baseline:census-2026-08-19
discipline-tdd-final	s005-2	290aaba6edf966d6f3fdb2c61a1c0112bfb88160fddb65953d81d33df53801ba	prose	-	-	-	-	baseline:census-2026-08-19
discipline-tdd-final	s006-2.1	ec6304c97ee14a8de67ffd42ba56fdd3991dbc6748ea2ca32c5c240938a71746	prose	-	-	-	-	baseline:census-2026-08-19
discipline-tdd-final	s007-2.2	37d2d52e597e38e313c2c88c38d85862ea74dc3ad013bddaf385970c745e7daa	prose	-	-	-	-	baseline:census-2026-08-19
discipline-tdd-final	s008-3	3543d5eb8b050bfb821d09e8a052959eaea90540cb1bb692baa718c80cea4eeb	prose	-	-	-	-	baseline:census-2026-08-19
discipline-tdd-final	s009-3.1	3af3fea0226665b75293a1096fec91354b1d8f3f5a2f6b07dc554b1d3c87456e	prose	-	-	-	-	baseline:census-2026-08-19
discipline-tdd-final	s010-3.2	307d32c49d7b705c2e44efe5a227ed5947fa84d93f8dd39e9c73e0a2eb03e1eb	prose	-	-	-	-	baseline:census-2026-08-19
discipline-tdd-final	s011-3.3	91f0717281e1706949818dc6ed4b9e605790a14952e825cafc86cddfad8ca674	prose	-	-	-	-	baseline:census-2026-08-19
discipline-tdd-final	s012-3.4	ba5c88733c6985556af179f1df143b3200c5eb7e020bbfaab82eaaf1074237be	prose	-	-	-	-	baseline:census-2026-08-19
discipline-tdd-final	s013-4	e5d5f905e3646c833224e8dc5532899078735c08965e72b90f34d3467a6ec4eb	prose	-	-	-	-	baseline:census-2026-08-19
discipline-tdd-final	s014-4.1	b709fa6e2dfa35ce16324ed51d32a56658f8b8f2070ac4201ae931b71c187bb4	prose	-	-	-	-	baseline:census-2026-08-19
discipline-tdd-final	s015-4.2	f12c7afa6923534859bbdd21332ec223133f34fb3620b8b4dd5812da8ed1422c	prose	-	-	-	-	baseline:census-2026-08-19
discipline-tdd-final	s016-4.3	24efacd543e40439357b6454c4f2b85acae84a307b5f6b3258abff98237cc62e	prose	-	-	-	-	baseline:census-2026-08-19
discipline-tdd-final	s017-4.4	3fec96ca1b6da8687b7c820826db62f8d80b1851968107c33af02f1619ea0c49	prose	-	-	-	-	baseline:census-2026-08-19
discipline-tdd-final	s018-4.5	d92b884f18a05d688d8a89695ac13d7f230e825780d75b581b4967d86abe97bb	prose	-	-	-	-	baseline:census-2026-08-19
discipline-tdd-final	s019-4.6	99faab894934fa606809a6aa748ee5089ecd6c9cb454e43c40576d9f51ba01cf	prose	-	-	-	-	baseline:census-2026-08-19
discipline-tdd-final	s020-5	81c488453428d5efdf9bad18a169f2051c849686a1d26e4f2b63791a3bb2b727	prose	-	-	-	-	baseline:census-2026-08-19
discipline-tdd-final	s021-5.1	87f5e17423fa609ad9f093d568e31e432bf2cbb44b26c98a50585c5ccc4b878c	prose	-	-	-	-	baseline:census-2026-08-19
discipline-tdd-final	s022-5.2	a4a4667d5fceb970205abaf8bf205d77ba4472d14b72ae30d6256d8644e4a468	prose	-	-	-	-	baseline:census-2026-08-19
discipline-tdd-final	s023-5.3	683e3bf49d3f66a7c7998ab95d05596974eb1125cc2cdb9b6b61c1a64e83f847	prose	-	-	-	-	baseline:census-2026-08-19
discipline-tdd-final	s024-5.4	585f5b59f437d53811600eaf316497f643efcea898389d19f3c5fd0d2c85b3de	prose	-	-	-	-	baseline:census-2026-08-19
discipline-tdd-final	s025-5.5	167039474f1811d83d38de9b11b90469644e16c2465d0dacbc29f9f3d0a94e39	prose	-	-	-	-	baseline:census-2026-08-19
discipline-tdd-final	s026-6	d9a53b9821b144c300c605affca0649c0eaca73c35f6ab048502ccdbdaa3212a	prose	-	-	-	-	baseline:census-2026-08-19
discipline-tdd-final	s027-6.1	b80723bbf8c8e25195f55555eaac8bd6f6881c919270ad30ba467d6c770e03a1	prose	-	-	-	-	baseline:census-2026-08-19
discipline-tdd-final	s028-6.2	0ba6fd7f4b1e779b54d38241ad5191739f82d6d88183e898cffba32aca0c674a	prose	-	-	-	-	baseline:census-2026-08-19
discipline-tdd-final	s029-6.3	7f6ea58bc30534f3b91899754de3682db24fed8320b5d316e36946884e8c6c26	prose	-	-	-	-	baseline:census-2026-08-19
discipline-tdd-final	s030-7	2f571034b91b3e92a0715cf25d7f9e47ebe68e4b18f8480fa5ac2c26a97609bb	prose	-	-	-	-	baseline:census-2026-08-19
discipline-tdd-final	s031-7.1	086e60d64f9d97538408275fc7a45869909368d49185293a1817febe54918a2c	prose	-	-	-	-	baseline:census-2026-08-19
discipline-tdd-final	s032-7.2	7c4324efb5fe7e35162ea20a44cfd0d09b165714e181216e1b1913896a73f328	prose	-	-	-	-	baseline:census-2026-08-19
discipline-tdd-final	s033-7.3	d16e8baf00b10d6fa62e905ab3dfa4c4252db4441ded31a5b72ce53314d34991	prose	-	-	-	-	baseline:census-2026-08-19
discipline-tdd-final	s034-7.4	34241fa371b8a6e4f4f0d690ffc3df4dbf3a767cc42fefb9ab8067811da95c44	prose	-	-	-	-	baseline:census-2026-08-19
discipline-tdd-final	s035-7.5	2c295cd70be51e19783cfde5b54bc76872518a9a71e85d8b8249f297e46dab08	prose	-	-	-	-	baseline:census-2026-08-19
discipline-tdd-final	s036-7.6	4ec95303536c65982d490647b6e18e9b2ae2f69a678033d07d50f751101e5ef1	prose	-	-	-	-	baseline:census-2026-08-19
discipline-tdd-final	s037-7.7	34facc2b2f8a399b77486a26c50dc33319e5876066e9dd5fe45942052fedb13f	prose	-	-	-	-	baseline:census-2026-08-19
discipline-tdd-final	s038-8	822615aa24493a65cfc28f6708e66010824ce7dd20459e4e5c2d2c87f9cd128b	prose	-	-	-	-	baseline:census-2026-08-19
discipline-tdd-final	s039-9	16e1a44bb0f68d9e7dbc7dfed84394df9e927f01033b0f08cea9250acbd53d6d	prose	-	-	-	-	baseline:census-2026-08-19
discipline-tdd-final	s040-9.1	519c43a118f0d4b6fc6ef4ed0842c1e3eb70f54987affbf1497cba995cd42866	prose	-	-	-	-	baseline:census-2026-08-19
discipline-tdd-final	s041-9.2	a17f6fa2bd69c74f8432c92c06d76e4652369e70fe2d2021744f2e0960ed4709	prose	-	-	-	-	baseline:census-2026-08-19
discipline-tdd-final	s042-9.3	2f65b24711d46e125ecbe4bda70627b73f8bf434c4110c30f4a7320fcdad81c6	prose	-	-	-	-	baseline:census-2026-08-19
discipline-tdd-final	s043-9.4	a122f2aa680fc10a6f615031552a2813ba74acdb15c81801d21575e94a050f1a	prose	-	-	-	-	baseline:census-2026-08-19
discipline-tdd-final	s044-10	5fd485e2e8aa0831873b774d4517646556743282a4d21be3d063c9783342e8c8	prose	-	-	-	-	baseline:census-2026-08-19
discipline-tdd-final	s045-10.1	95f7532448351a819cac047ac4eac09c4f592ea0535966679bc2c56e660b4f92	prose	-	-	-	-	baseline:census-2026-08-19
discipline-tdd-final	s046-10.2	cb73d0d1f516383174a3c194cfd79215169ab98510d11049b77f174999281e45	prose	-	-	-	-	baseline:census-2026-08-19
discipline-tdd-final	s047-10.3	0ae640748995491b76aecbec4637d1fe4110b393595ce66da48f1a9df728e39a	prose	-	-	-	-	baseline:census-2026-08-19
discipline-tdd-final	s048-11	2344981542dbad6450c3d861b1be77b1e80ffd25f8307bf8472394d6484c0185	prose	-	-	-	-	baseline:census-2026-08-19
discipline-tdd-final	s049-11.1	28a732dae4eebbc239bc82d8cd47ee3302188a699c636437187c1c5606fe1517	prose	-	-	-	-	baseline:census-2026-08-19
discipline-tdd-final	s050-11.2	a3dab4de3205fcf6accb245f17c8e28549dc7ddf9afe60a2d6bae0dae3d11147	prose	-	-	-	-	baseline:census-2026-08-19
discipline-tdd-final	s051-11.3	48571a6d625d69d6d9be972467942abe428d13cbd3115ef83c130569bfd396f7	prose	-	-	-	-	baseline:census-2026-08-19
discipline-tdd-final	s052-11.4	a2d2db3df45c448a61446fb73b6e9de1fe4bb1a6a2c1b53f177fe595fb8779b7	prose	-	-	-	-	baseline:census-2026-08-19
discipline-tdd-final	s053-11.5	832c974c8dbe1d753ebaa3d7532af8e4855eedef4e75003e6d6926cd274720be	prose	-	-	-	-	baseline:census-2026-08-19
discipline-tdd-final	s054-11.6	9083a3cd4c8aadc69face3be41042fe53b9ebfa30308eaa7c12de13a0b63c7a5	prose	-	-	-	-	baseline:census-2026-08-19
discipline-tdd-final	s055-11.7	a1917451b2b06f2a138af8855e0f212857f13ae46279ddf7971cc7b335613f7b	prose	-	-	-	-	baseline:census-2026-08-19
discipline-tdd-final	s056-11.8	124b33841c325ef75daea2343ee8cdbcc0f68a82c333fea853d304929b4e5503	prose	-	-	-	-	baseline:census-2026-08-19
discipline-tdd-final	s057-12	61d1ed1d7bfd706839eaf25675c6267ce1299637a79df94f3709efda285cd526	prose	-	-	-	-	baseline:census-2026-08-19
discipline-tdd-final	s058-12.1	b47873565626dd64eeeced5bb752f521a5dc124fa8260cd1a64577f3a3d760f4	prose	-	-	-	-	baseline:census-2026-08-19
discipline-tdd-final	s059-12.2	40dbcf15540694e9349b17dea2ffc7f6806a5ea972a062568cee60fc3a7ff234	prose	-	-	-	-	baseline:census-2026-08-19
discipline-tdd-final	s060-13	3e96273b0ad8ea506748bbc995bee4761fb97844dfab50d18d2b04777886e6ed	prose	-	-	-	-	baseline:census-2026-08-19
discipline-tdd-final	s061-14	55ea9ef6656aec37c5b8eb9abb3b8fbf673e061c3c066f23b3d84a9f6c5ad5ac	prose	-	-	-	-	baseline:census-2026-08-19
discipline-tdd-final	s062-15	90e80785c4a5b2ce956d847447eb0bc72fd2b60cb365475989fc9a99c9b677db	prose	-	-	-	-	baseline:census-2026-08-19
discipline-tdd-final	s063-16	ae4fd4879bccd44b15640c84981eba91971e055669025b47d1b02444dba012db	prose	-	-	-	-	baseline:census-2026-08-19
discipline-tdd-final	s064-16.1	bc35bcc1e2728fd1bf0b836fa40d68674612b3f3b80d70f6864b862a030f5301	prose	-	-	-	-	baseline:census-2026-08-19
discipline-tdd-final	s065-17	9edf5f924329f5f63a31e28c577a85525ff38512313885037db052e648992abd	prose	-	-	-	-	baseline:census-2026-08-19
discipline-tdd-final	s066-17.1	abcf4261ed55557a453ebed7c1464c81f4ec79afd0bee91c04fcf9622d5bb705	prose	-	-	-	-	baseline:census-2026-08-19
discipline-tdd-final	s067-17.2	99cd761bbfa394655ceb2b93354c92ed2febb06cc2aca13667b9be451913d3af	prose	-	-	-	-	baseline:census-2026-08-19
discipline-tdd-final	s068-17.3	99d42979523870eb9f5c99651c173a23b9b99c3952a9499a23e98da656a54065	prose	-	-	-	-	baseline:census-2026-08-19
discipline-tdd-final	s069-17.4	3cfe5d9ba96bcbca7925a75938cbad6393980360898aeac4d1e2033f94899481	prose	-	-	-	-	baseline:census-2026-08-19
discipline-tdd-final	s070-18	d723287679314446c27bdc80ce5a39f2806743c33a48518cb8749aa8998d3176	prose	-	-	-	-	baseline:census-2026-08-19
discipline-tdd-final	s071	4a27c4d250e41d7183fab783a66019916bde0015f6fc308f24fe54de0f01fe5f	prose	-	-	-	-	baseline:census-2026-08-19
implementation-django-ninja-skill	s001	d961f84f996bbdef7b046fa9799d918db5110a53c873888ba71514f1d472ac56	prose	-	-	-	-	baseline:census-2026-08-19
implementation-django-ninja-skill	s002	984f0856bed339aeb2f2eba268ccfff11c12ccd95753ec908625e8be15ac7b3f	prose	-	-	-	-	baseline:census-2026-08-19
implementation-django-ninja-skill	s003	663d2a2d12411970b8d50b2b905fd420c7e5740b7e5a71d3944d7f31fe761e70	prose	-	-	-	-	baseline:census-2026-08-19
implementation-django-ninja-skill	s004	dd1c9c5e065025dd5bc4639b8c39275626e45fdabb96a35f1fb5b84fba8b0606	prose	-	-	-	-	baseline:census-2026-08-19
implementation-django-ninja-skill	s005	4624aece51e4d8b1fc431bb629bb8f3c97e74485b81cb0c231c9746407fd5bef	prose	-	-	-	-	baseline:census-2026-08-19
implementation-django-ninja-final	s001	0ba63b112ef614eca7a8fb0bce90717c0f805a045d375d154ab7e746c6712a62	prose	-	-	-	-	baseline:census-2026-08-19
implementation-django-ninja-final	s002	d5afffbfcd72666a62ebb93e817eb08db967bf4e5329126c89ccbe31079fda50	prose	-	-	-	-	baseline:census-2026-08-19
implementation-django-ninja-final	s003-1	2736707ff781cbc2208c8f91bdcd85a82d7b7d54b48c6c775c69acd139f3dc37	prose	-	-	-	-	baseline:census-2026-08-19
implementation-django-ninja-final	s004-1.1	07b3259b44334d6e5d7cf9f8007c5feb2fb9957f83d5e2bcb26f358a7423ebc0	prose	-	-	-	-	baseline:census-2026-08-19
implementation-django-ninja-final	s005-1.2	37ac7507ee0431fa1f1025641f9b58664b89339b14c230b53e57fb64cad953c4	prose	-	-	-	-	baseline:census-2026-08-19
implementation-django-ninja-final	s006-1.3	bc196f24da3a29395f973ed8708daa72ebf1dc13eef621a6a471d3dd587b39ed	prose	-	-	-	-	baseline:census-2026-08-19
implementation-django-ninja-final	s007-2	ab83980de6f03a8fc40c0885c85822e9df339cf7158878547af4c61d1adbe833	prose	-	-	-	-	baseline:census-2026-08-19
implementation-django-ninja-final	s008-2.1	69dfbb6185701abdfda68bc946d92943db71974f11c4a2d4a62ab8b5a02f612d	prose	-	-	-	-	baseline:census-2026-08-19
implementation-django-ninja-final	s009-2.2	b4ab30922e0d80b652bbd68056ba8bbd8bb3dc9b8fb35d68b8207a3457e2e120	prose	-	-	-	-	baseline:census-2026-08-19
implementation-django-ninja-final	s010-2.3	3e782fee0e21b79cf618d9023a038ef3155a2fc69b0862fe99e8c5b001ac91ce	prose	-	-	-	-	baseline:census-2026-08-19
implementation-django-ninja-final	s011-3	c4808a3376889b3ea5eacdd2271ce0f1678409dd6739879257c1068fbd1a01c6	prose	-	-	-	-	baseline:census-2026-08-19
implementation-django-ninja-final	s012-3.1	4757b89fdd81ae80b9260e85dbd11fda6d3254352f18dc7d5e29b52299a7f733	prose	-	-	-	-	baseline:census-2026-08-19
implementation-django-ninja-final	s013-3.2	777f605cd1be48b13d5c689839ea7508e7c083aab482ffb68b20ed2408e7f474	prose	-	-	-	-	baseline:census-2026-08-19
implementation-django-ninja-final	s014-3.3	27cf01830ac732292581471778f3392c3faf6d71731fe41e80b996e853fb8520	prose	-	-	-	-	baseline:census-2026-08-19
implementation-django-ninja-final	s015-4	1d3a68707a10c36bf146a0deb8980eeae071b4b4aeec1d6735f2eaa8303f245c	prose	-	-	-	-	baseline:census-2026-08-19
implementation-django-ninja-final	s016-4.1	189fbd5f354f7d86ef5ae0809c57427c7e202531abb94e5b18d885a54a864c09	prose	-	-	-	-	baseline:census-2026-08-19
implementation-django-ninja-final	s017-4.2	56c77b45acc62a5a2fccdea4df313e837dff6f0e57a155061f9a1215263a04cf	prose	-	-	-	-	baseline:census-2026-08-19
implementation-django-ninja-final	s018-5	cba1d5c920445372d06feae342273e857cfabf04a22209ab77920f6a744f424b	prose	-	-	-	-	baseline:census-2026-08-19
implementation-django-ninja-final	s019-5.1	3fe52544330919b6f500c0bb1b2499783081a9688cc368f4af4e3f05fef3f97e	prose	-	-	-	-	baseline:census-2026-08-19
implementation-django-ninja-final	s020-5.2	87a85f7f666a739f0301b826218dbd1d33664ab06faf1ff76917205f2443db4a	prose	-	-	-	-	baseline:census-2026-08-19
implementation-django-ninja-final	s021-6	9828619d5c0d6be4330c2dd2e0334e531bd72cfa38ffcce0e52b93c740eeaafe	prose	-	-	-	-	baseline:census-2026-08-19
implementation-django-ninja-final	s022-6.1	9451ae1429819222e94380ee1090abe05d7898cbf95297a8eafc59ada453a9b6	prose	-	-	-	-	baseline:census-2026-08-19
implementation-django-ninja-final	s023-6.2	3cb7f77da8529210d99564830cc5dcafbecc889fc1c1c13633f044219291901c	prose	-	-	-	-	baseline:census-2026-08-19
implementation-django-ninja-final	s024-6.3	1e93280cfda7ff2bf1fa67f8edf9b0cba3c72a238bdc2a17d134fa45d575df06	prose	-	-	-	-	baseline:census-2026-08-19
implementation-django-ninja-final	s025-7	5ff8d77764f7bbf634579825ef4a215c7fda91209606b8a1ad0d0d3392eb9662	prose	-	-	-	-	baseline:census-2026-08-19
implementation-django-ninja-final	s026-8	43e367206ef2ba29bf03450fdae3c05e05c884d06ab7f0b620a3633f707e4eef	prose	-	-	-	-	baseline:census-2026-08-19
implementation-django-ninja-final	s027-9	111076d7fd272ab9a9ec3949cca3beb06f9b130dca4afb9901a9a5a00c424309	prose	-	-	-	-	baseline:census-2026-08-19
implementation-django-ninja-final	s028-9.1	71341dc313fb81b4e82fc580f68fcd4f0ae248125c21a18a2810c1fcb772cac8	prose	-	-	-	-	baseline:census-2026-08-19
implementation-django-ninja-final	s029-9.2	c6409381c88a12e943faa0001257c21414a6fdb8d7049376aa7005bd306ec830	prose	-	-	-	-	baseline:census-2026-08-19
implementation-django-ninja-final	s030-10	38dafc4884a8772570ff4ac0b026e6003f41a04610634f5778d1dd9743b5891f	prose	-	-	-	-	baseline:census-2026-08-19
implementation-django-ninja-final	s031-11	5112e79fa0c0b2fadc84a03d00b376ad6619f80fb29a4c497cd05ee1e23dff4a	prose	-	-	-	-	baseline:census-2026-08-19
implementation-django-ninja-final	s032-12	49a5c2a2e9664a0e6d60bfda983d763ed850f9b63aabde81b67a2dd8be53b8c8	prose	-	-	-	-	baseline:census-2026-08-19
architecture-db-skill	s001	22c2bfada884a5c6193a998a48e84e7372de8bf347e73f625dfaf295fc9ad078	prose	-	-	-	-	baseline:census-2026-08-19
architecture-db-skill	s002	499b1ecbdbe974c7762b6bf76dd3688573ae203d463c63ef3d185ab85b16404d	prose	-	-	-	-	baseline:census-2026-08-19
architecture-db-skill	s003	83fdacedce81b8c22faeaa526305c3146413595c28db0cc3f0a1c6e814b3aaa9	prose	-	-	-	-	baseline:census-2026-08-19
architecture-db-skill	s004	17411580d859880404da0e6ae5a6909955f9d9880e1861ff6da6f945f49b6391	prose	-	-	-	-	baseline:census-2026-08-19
architecture-db-skill	s005	b57a2efe6508b6abe8aeb671a00480ec3d91d28e2e87271f0411e41e8fff0696	prose	-	-	-	-	baseline:census-2026-08-19
architecture-db-final	s001	48cda3bca8d8990610cd56254921fd24c938737b81b88654fc75490d9adc47f4	prose	-	-	-	-	baseline:census-2026-08-19
architecture-db-final	s002	330eb75acf70f855b25f2718aa5744f1a828c1f546489202f2ead18ca0bd12d6	prose	-	-	-	-	baseline:census-2026-08-19
architecture-db-final	s003-1	e97ff49213370fb36080dcf0dd82bd4829b41ce1d7591b4b8ecf82a8a4c468b6	prose	-	-	-	-	baseline:census-2026-08-19
architecture-db-final	s004-1.1	8643eded0d8ecf2d2e054278a1d54c8181beff221419e78627099f54dc3792de	prose	-	-	-	-	baseline:census-2026-08-19
architecture-db-final	s005-1.2	2a8dd0d3bb1b4d669e9af054caf98453e09e70b389a7cbeef00a7403044457da	prose	-	-	-	-	baseline:census-2026-08-19
architecture-db-final	s006-2	17fddede7c675b84600a2455289f4e5a011f118b7e9359af58f9db7ef7a8740e	prose	-	-	-	-	baseline:census-2026-08-19
architecture-db-final	s007-2.1	48cc2d55d5175e686f188b5e98492041fa533a4caebb3c7486b73e0fdcd47e3d	prose	-	-	-	-	baseline:census-2026-08-19
architecture-db-final	s008-2.2	507b031c7efe1f03cf0fbd885e110fbb16f34289fd6a2335bd703f0cc6b9d838	prose	-	-	-	-	baseline:census-2026-08-19
architecture-db-final	s009-2.3	e57ebd9a13aa5725d5b9e58b39111f4ea1b23169227c4e7d6b5b4a10eebba757	prose	-	-	-	-	baseline:census-2026-08-19
architecture-db-final	s010-2.4	30709f250f4f8bee223da2b590229bbcdc3227493e7e09a085b9eea3cf548954	prose	-	-	-	-	baseline:census-2026-08-19
architecture-db-final	s011-2.5	8382a9f7a65c26a2593ccbfbd43848628f5a16209357cfa66c0777f7245ef278	prose	-	-	-	-	baseline:census-2026-08-19
architecture-db-final	s012-3	60091df204dc071d4ee8b066fd26281c62bf57a3157c9e4264704afdcf555b2c	prose	-	-	-	-	baseline:census-2026-08-19
architecture-db-final	s013-3.1	528f86708470113b194364bb9f976ea03b8c1f974d8825b1757c184327888b7e	prose	-	-	-	-	baseline:census-2026-08-19
architecture-db-final	s014-3.2	22cb5350209bf41b3962d84beee5b700350989eb2af00de393a8c036c79a1283	prose	-	-	-	-	baseline:census-2026-08-19
architecture-db-final	s015-3.3	3e086f83ec98cca7f2bd768680a89d32e72e5431ffb8786d54c279c5b8e8b465	prose	-	-	-	-	baseline:census-2026-08-19
architecture-db-final	s016-3.4	61e606cf967cd800b8ae60cf559984070bf618e7cb48cedca47971da9dbe79f6	prose	-	-	-	-	baseline:census-2026-08-19
architecture-db-final	s017-4	a56189877aee3c5c2a49e45e9894efb71bba7224a93ebe7c06f1a7d09442f7c9	prose	-	-	-	-	baseline:census-2026-08-19
architecture-db-final	s018-4.1	17a4f8997c46b71d434a888b83afaefd3d2c1eb726db12b7c8fc53f7aa4fe7d2	prose	-	-	-	-	baseline:census-2026-08-19
architecture-db-final	s019-4.2	cb504dae318b52527dfb9efaa393057d3f457b7275880d5228d7ef7d86cb0669	prose	-	-	-	-	baseline:census-2026-08-19
architecture-db-final	s020-4.3	e29f5795ccb094345d07e810f0c6486dc32e53f3e54569cc8c19813d8a0548cf	prose	-	-	-	-	baseline:census-2026-08-19
architecture-db-final	s021-5	e84798cfa98d1c9b71bdc89cb881d1ad8ae5964ee552126f1de1a50e7818202f	prose	-	-	-	-	baseline:census-2026-08-19
architecture-db-final	s022-6	ec142f4c779bdea445e4c05780bd69d10b663d3b28211107e77fd54017d78d2d	prose	-	-	-	-	baseline:census-2026-08-19
architecture-db-final	s023-6.1	41d4e0525b36c0579deac71160d8dec98bbd8fb2ea5f400535969bbed8df3da5	prose	-	-	-	-	baseline:census-2026-08-19
architecture-db-final	s024-6.2	b998dc9113ba1935a520b2f634f3833894c838d2d70db47985890d98a28cbd80	prose	-	-	-	-	baseline:census-2026-08-19
architecture-db-final	s025-6.3	aff337443bc710dd46eb4953ff57f573c55ba000b1faa5a3ac4b6cb0ad9fa5db	prose	-	-	-	-	baseline:census-2026-08-19
architecture-db-final	s026-6.4	46ed198302d90fa00d6a48a740a4115bce1cef0b6d4db017aabb27bc47c61856	prose	-	-	-	-	baseline:census-2026-08-19
architecture-db-final	s027-7	de69c62de07a4dbf247b34ff4e473795ba032fa8bb2e87105cedf2e180e3e197	prose	-	-	-	-	baseline:census-2026-08-19
architecture-db-final	s028-7.1	151ceff2aa0265d4bb9aea8348b200060a9ed82cd28d3806ae39e0304f727ed4	prose	-	-	-	-	baseline:census-2026-08-19
architecture-db-final	s029-7.2	fd24018375389a309b7bf74bfcfb333de04f2a97ea3d4def0a1265278bb8a416	prose	-	-	-	-	baseline:census-2026-08-19
architecture-db-final	s030-7.3	4f94f5ec7353aaaf8112e30266d19d8c81bdb606fa8c9a6ae89f761b39fa955d	prose	-	-	-	-	baseline:census-2026-08-19
architecture-db-final	s031-7.4	788fa7804abc6e00d5d1d3bb3a340b352da272039df95dfe5c2efde0d149268d	prose	-	-	-	-	baseline:census-2026-08-19
architecture-db-final	s032-8	621a27762dc48b1690b0ca467af2f9a01ceea2649f969174b571441d36eb429b	prose	-	-	-	-	baseline:census-2026-08-19
architecture-db-final	s033-8.1	1337d847a5efe1860bb91915cdf9ca2597ad6dc604597c9a36ddfe2c85e78be9	prose	-	-	-	-	baseline:census-2026-08-19
architecture-db-final	s034-8.2	e62733b81d00cf486eb5fb8dbcdd4785a01be9c8d84902b12b318986f2a34749	prose	-	-	-	-	baseline:census-2026-08-19
architecture-db-final	s035-8.3	d65407364048f2316dbed14d7daa8b8859f7934f905267c6cf95869dedd56411	prose	-	-	-	-	baseline:census-2026-08-19
architecture-db-final	s036-8.4	0c6d87a86c0ee3b73699f54e77111609df3199e3a35236743e9723ad634d76b9	prose	-	-	-	-	baseline:census-2026-08-19
architecture-db-final	s037-9	83c875a0d632739cf8c005cdfd84400d29d3d026e381aefd080957f77cf8b95a	prose	-	-	-	-	baseline:census-2026-08-19
architecture-db-final	s038-9.1	f98fa6e410d500c3caa83d6e9a31864cd9ae04bfe2e79e227a6a2e38cf792869	prose	-	-	-	-	baseline:census-2026-08-19
architecture-db-final	s039-9.2	2ebb62bf3da16cae772378e882ad8c5df6fea58c9b00fb786bf45c7a74b7b08f	prose	-	-	-	-	baseline:census-2026-08-19
architecture-db-final	s040-9.3	089eece8029db8ea42afdfcb6e1c83d9c352e342e121ab19d719772d531e69fd	prose	-	-	-	-	baseline:census-2026-08-19
architecture-db-final	s041-9.4	69d52ee84219e8334375b725443577018898c1fd3f66cd29f2057ee0b21d487c	prose	-	-	-	-	baseline:census-2026-08-19
architecture-db-final	s042-9.5	f0356d3b3b5489d0ee087377f659bd719c45a756e34aab6a8dea971bfd05903f	prose	-	-	-	-	baseline:census-2026-08-19
architecture-db-final	s043-9.6	ef07b0d17b1903a81f58a1db870c51335c4740239fd22fc6fc6f3819fae6126a	prose	-	-	-	-	baseline:census-2026-08-19
architecture-db-final	s044-9.7	32fa2721be317ebe00bf2b393889e6cd6ef62afefd8f2dd7d6c421dbfab1087b	prose	-	-	-	-	baseline:census-2026-08-19
architecture-db-final	s045-10	6e8491d880421e4c6e21c95c109a254849c529b346a0b3e62670bb3760e837a8	prose	-	-	-	-	baseline:census-2026-08-19
architecture-db-final	s046-10.1	204c3f9610733794ab4dfa3ae26c4cf008386f485443491b7374cccaa2d0e462	prose	-	-	-	-	baseline:census-2026-08-19
architecture-db-final	s047-10.2	37ca39237ccf3148845034377703feff2e0cd9916f4b5330d00c4f48868ef613	prose	-	-	-	-	baseline:census-2026-08-19
architecture-db-final	s048-10.3	5a9d5c403967c9766eaae6dc4b4cab4341076260366ccd210e5710f26380fafc	prose	-	-	-	-	baseline:census-2026-08-19
architecture-db-final	s049-10.4	cd589d21a868b9c3522b5779502f7feccc3c451b1ee9e935c6ef9e3becae08d3	prose	-	-	-	-	baseline:census-2026-08-19
architecture-db-final	s050-10.5	bc4504553a29a75f053425054bb1a3132ff2023dccf305ae1eb8a2c7447a25aa	prose	-	-	-	-	baseline:census-2026-08-19
architecture-db-final	s051-11	89db8ea95866ada4ba98c736fdaf224aed435f32925f3dd2159f641b98b4a0a5	prose	-	-	-	-	baseline:census-2026-08-19
architecture-db-final	s052-11.1	9e5e2633e45dfc88add20792feee9d699325210b0f1e56f6a973dc200cca8da6	prose	-	-	-	-	baseline:census-2026-08-19
architecture-db-final	s053-11.2	b6a5bda1263913978c6b46413f42d5958d07edf24520ce55d5d7b046b49398a8	prose	-	-	-	-	baseline:census-2026-08-19
architecture-db-final	s054-11.3	76ccc166d52b1cde2efa6ac8e999047e43dd29e19af129447e24699c112b5984	prose	-	-	-	-	baseline:census-2026-08-19
architecture-db-final	s055-11.4	d7d7ed5fc056aaf9d29345843bc12a50da7d57cf50d9b6b9e2e0b7746f1d5995	prose	-	-	-	-	baseline:census-2026-08-19
architecture-db-final	s056-11.5	127dcee1afcf6a9b77fa9a0a16ff2c585cadbcc8e4ded5faeb269196d70c5885	prose	-	-	-	-	baseline:census-2026-08-19
architecture-db-final	s057-12	efe584288dc14539183b1fb4e4d58dc0713ac53f6fa59fb69c1626d8d7f144a1	prose	-	-	-	-	baseline:census-2026-08-19
architecture-db-final	s058-12.1	e93826e2d8d328fd7c5775c2d130b4820f4d2aa7d51a1dd78c8da693d0fccaec	prose	-	-	-	-	baseline:census-2026-08-19
architecture-db-final	s059-12.2	c532c5bfacafbe3db8610354c59f73b24d6dad36262c8095b18dfad6138f16a0	prose	-	-	-	-	baseline:census-2026-08-19
architecture-db-final	s060-12.3	c95822094715908ef81f994b5450a7e9e9bb29076deb35d45231b92d93d40b15	prose	-	-	-	-	baseline:census-2026-08-19
architecture-db-final	s061-12.4	80f118c3e811b859a2ee9d29b59c49a35e1a4bb6cbbef291083536564d1b7e89	prose	-	-	-	-	baseline:census-2026-08-19
architecture-db-final	s062-13	b06e7ec33905c1f94c5b8de6148b483c18c325f4a057d7bc7651dcb8970b6272	prose	-	-	-	-	baseline:census-2026-08-19
architecture-db-final	s063-13.1	4df8d0ad20bcd02f6f6921d740cb0f6159268f44b11579a9adb4677c9c620988	prose	-	-	-	-	baseline:census-2026-08-19
architecture-db-final	s064-13.2	9bc76a2e68080b1f41e2fd44a6d7c229e45244ddc2f48650f73e6db010076e78	prose	-	-	-	-	baseline:census-2026-08-19
architecture-db-final	s065-13.3	05da06eb9179045c4640bfe4d178d73c18fc1593dbf493948dab586fd1cc78a8	prose	-	-	-	-	baseline:census-2026-08-19
architecture-db-final	s066-13.4	8db84a6fd9e88587a243620044d21d6dcb4975fc65a4b795d5202065560a43c2	prose	-	-	-	-	baseline:census-2026-08-19
architecture-db-final	s067-13.5	8a43533897bb933bbe9931c984aeeac2e15dbcae7a07346a8897cc2db0af6227	prose	-	-	-	-	baseline:census-2026-08-19
architecture-db-final	s068-14	cc3fbd3ff7085e083ea521ca8e0f64744262d36d1bcc0923b0d723dac1d2d862	prose	-	-	-	-	baseline:census-2026-08-19
architecture-api-skill	s001	3881b53f37bc5e099895a1968891a15e16756fd49b2019bea9782c1d62c1ed7f	prose	-	-	-	-	baseline:census-2026-08-19
architecture-api-skill	s002	de87de911eda9b2fb0504b006c877b791736a6d5e09043c314da49641b0e61fd	prose	-	-	-	-	baseline:census-2026-08-19
architecture-api-skill	s003	30cae3ae86bbbeece77b7a5ce315d591afac8d8e9862c1a8fd591c31b0f2a117	prose	-	-	-	-	baseline:census-2026-08-19
architecture-api-skill	s004	1fe4b993f24938fe93fcbe05b1327838f4d33fbf6adf12a0e093997baaf05329	prose	-	-	-	-	baseline:census-2026-08-19
architecture-api-skill	s005	43dcf62e3b855cbcfdbbb4d67d056ffc284fc0f5baae019d3ec91255673e6ef0	prose	-	-	-	-	baseline:census-2026-08-19
architecture-api-final	s001	b3e3690bc0aff2acffa012626d97e6a0c5b144d41e2db0df41643fc9ddcea6af	prose	-	-	-	-	baseline:census-2026-08-19
architecture-api-final	s002	121cc3e80245aee39a6e58fabc0545c5deb73e04bf5d30ce6a24c23d1755fb0b	prose	-	-	-	-	baseline:census-2026-08-19
architecture-api-final	s003-1	fbd566066d2e37706284e02c5f4b240b161a9607527a23baeab866cbb998dd76	prose	-	-	-	-	baseline:census-2026-08-19
architecture-api-final	s004-1.1	d0d89371c1b5cf55911096df74bf4ab4d87f8dfbe3bfbbf0309848aa6a4a55c6	prose	-	-	-	-	baseline:census-2026-08-19
architecture-api-final	s005-1.2	59525a9e3cc42cd4052d4d6de10f2b5875e98666015d7d974a353e064df23b04	prose	-	-	-	-	baseline:census-2026-08-19
architecture-api-final	s006-1.3	7999ca642ff471d6e3b12919a883c1c0b543d99d8e8704875222f70392cd12ed	prose	-	-	-	-	baseline:census-2026-08-19
architecture-api-final	s007-1.4	32486ecd6f10e3d269d3fba9f1e80b2c730cd9c337bd451512c2cc6b3948345f	prose	-	-	-	-	baseline:census-2026-08-19
architecture-api-final	s008-2	b0ac60c08f33eb09d67bbbf8c2aa81173c629d630804c9324318f4be79186f15	prose	-	-	-	-	baseline:census-2026-08-19
architecture-api-final	s009-2.1	e6b84bcb39be897ab325dadbd213bbc3cec93733f857818b393ea7669d36e7f6	prose	-	-	-	-	baseline:census-2026-08-19
architecture-api-final	s010-2.2	c4a620d66c91aaa5150cd237dbde99a99ab249cf72aedb1bf3a71588645c36f6	prose	-	-	-	-	baseline:census-2026-08-19
architecture-api-final	s011-2.3	7860f01938582d357db6a1054376309c6ae4869854d826fdc74280334f4fb2f9	prose	-	-	-	-	baseline:census-2026-08-19
architecture-api-final	s012-3	4fe7ca235590eae24a5926885aa129a924c90486e94f6bbe292404ce22c568bf	prose	-	-	-	-	baseline:census-2026-08-19
architecture-api-final	s013-3.1	62b233506db7e720ef8a8022fe610e6fe2c580e4c3962da19cca3c32477579c7	prose	-	-	-	-	baseline:census-2026-08-19
architecture-api-final	s014-3.2	ee76bea1b711c1f4e55301c46c2d3f9dd22a9f4b3410c93cdf949d2f5029ad8b	prose	-	-	-	-	baseline:census-2026-08-19
architecture-api-final	s015-3.3	1b1eb5f2f28261b86c7504bfe7e8afb34651f8eb39bf6021446668d7691a4212	prose	-	-	-	-	baseline:census-2026-08-19
architecture-api-final	s016-4	515ebbf6152c90585e3995861b82be3a3511c3210091c817a7560a4049fff360	prose	-	-	-	-	baseline:census-2026-08-19
architecture-api-final	s017-4.1	da618517e3788ba944d8d1e3a407ac0fece28df34fc462ce9f3983405edfb055	prose	-	-	-	-	baseline:census-2026-08-19
architecture-api-final	s018-4.2	9f40b94b09c8b973be5196ec354363dcedf9fc7cc7c747f5f19aed3f45492db9	prose	-	-	-	-	baseline:census-2026-08-19
architecture-api-final	s019-4.3	32d8b73e2935182eed6d2a7c34014841b5f1846dfc65e62c472cd61c2b531d7c	prose	-	-	-	-	baseline:census-2026-08-19
architecture-api-final	s020-5	ba71559de1bac20b5c2ab8cd6daea0fd1ad4e1fe6a47fa0ffca5723b12e31105	prose	-	-	-	-	baseline:census-2026-08-19
architecture-api-final	s021-5.1	5e237d6e4fb15070aa5d4176ee29ea8e3bf8f456c9114ae6460c67db44b18b6f	prose	-	-	-	-	baseline:census-2026-08-19
architecture-api-final	s022-5.2	3c16642e91f0cee019704243a2fc1291fe446a38fe5ebf9a9889cc2c704d3e11	prose	-	-	-	-	baseline:census-2026-08-19
architecture-api-final	s023-5.3	735f8bc852d38974d4d33a201dc47ef4c2e69b61fb5c82cf2e0f65c2960d8a15	prose	-	-	-	-	baseline:census-2026-08-19
architecture-api-final	s024-5.4	b8103af5d65163b054e79188fbf6c76ae8fcaedaabe3794067447e2424da8fc7	prose	-	-	-	-	baseline:census-2026-08-19
architecture-api-final	s025	cfacc5271fd358a6344b303336ce17c34056851c7ba862089ecde3a629dea098	prose	-	-	-	-	baseline:census-2026-08-19
architecture-api-final	s026	cefa4f8a3f630d7bba7bdf4ed7344936ae6d65b08961baacb4a534a0911401b3	prose	-	-	-	-	baseline:census-2026-08-19
architecture-api-final	s027-6	c7e33b86378325a2ee69c913483386824e9b65ccdddd8afcc1fa1db638defa04	prose	-	-	-	-	baseline:census-2026-08-19
architecture-api-final	s028-6.1	4f42520caeee172d8bad6e43468b12adb8957f3f41c2250eea2a7adb6608dec8	prose	-	-	-	-	baseline:census-2026-08-19
architecture-api-final	s029-6.2	6c74d53d91663fecc86a94411734b9179797624b7f208d39bd6817547a24ecd9	prose	-	-	-	-	baseline:census-2026-08-19
architecture-api-final	s030-6.3	9c774a31a391cf8c461a2128f49e37e17c12e706c7a348286a1f5fc9803a2b46	prose	-	-	-	-	baseline:census-2026-08-19
architecture-api-final	s031-7	6362fc8fc8e18e62278c4748121998ad066f0d14ed7eb33bc4f4cf50541a99e7	prose	-	-	-	-	baseline:census-2026-08-19
architecture-api-final	s032-7.1	c962882025e94fa8d77c9cd776cbfb8dd8f6b53cc781635739a3559d668ae955	prose	-	-	-	-	baseline:census-2026-08-19
architecture-api-final	s033-7.2	698583d0ab579b2e6f98a9cb8db705f4d1e269a2be45ead95c7a0bf294560bde	prose	-	-	-	-	baseline:census-2026-08-19
architecture-api-final	s034-7.3	0fedaaf8c7e844d93ede59aba4062a35963f40754f3ee8756a7d0b113dff1cb5	prose	-	-	-	-	baseline:census-2026-08-19
architecture-api-final	s035-8	f44e3a11f6e4e53d69ea30c20b08a371c7bfcf4603843370590aa7203cd2ae97	prose	-	-	-	-	baseline:census-2026-08-19
architecture-api-final	s036-8.1	b617812bbdbb3a3b276a58c50f144467983878266204f79485be2187dd00219e	prose	-	-	-	-	baseline:census-2026-08-19
architecture-api-final	s037-8.2	5df8c916a526d06a94fcf2b68732de2075967817ebe471f69a25c5ab98b97ffc	prose	-	-	-	-	baseline:census-2026-08-19
architecture-api-final	s038-8.3	65d67057343dd9ed55e9718849321ac8ed8a8bf86b0fd681595e673adb91af52	prose	-	-	-	-	baseline:census-2026-08-19
architecture-api-final	s039-8.4	99f2454eb07e0750a8743dbd712bdbb40d901d809abdb7c76cb9f8b02319313a	prose	-	-	-	-	baseline:census-2026-08-19
architecture-api-final	s040-9	d9ca307dad99371bf0d8d4a19a0b23bd0009e41c69fe096848ea2b750b54c070	prose	-	-	-	-	baseline:census-2026-08-19
architecture-api-final	s041-9.1	687a355340f2c41398cffa88857e823aa93087e8fc0a611764d60a9b7610df66	prose	-	-	-	-	baseline:census-2026-08-19
architecture-api-final	s042-9.2	eff45bba6936a1e079073db5552e2b72be192f18ad090717ef7e58d0a469257d	prose	-	-	-	-	baseline:census-2026-08-19
architecture-api-final	s043-9.3	e09c6ea2293911ce7ca7b854de4ad0203305d9fa5607164af9cb6a0256918487	prose	-	-	-	-	baseline:census-2026-08-19
architecture-api-final	s044-10	c9c326db270a0ddc3a406eb2b52e61b6909da997fd1660baca4a857deff5584f	prose	-	-	-	-	baseline:census-2026-08-19
architecture-api-final	s045-10.1	7611bb9ca4627bb0f608dc19416fe23b0222716296c2a3e7011ce1d06f703e16	prose	-	-	-	-	baseline:census-2026-08-19
architecture-api-final	s046-10.2	028f4933663e1f6e9c2ca3a45fca6bf3d223d981a9727dda580d3dd680f95da5	prose	-	-	-	-	baseline:census-2026-08-19
architecture-api-final	s047-10.3	38dc9b437d7755431a028b4acaf73e6e50a6e32a2bf180de1cadf14e7f1131c7	prose	-	-	-	-	baseline:census-2026-08-19
architecture-api-final	s048-11	7eb6d394b22e1cb50285a1dd02372b9936b0f8fd5607b49fc2be381273251431	prose	-	-	-	-	baseline:census-2026-08-19
architecture-api-final	s049-11.1	0a9791c38c03910303fbe835593ee6195b67e9153452d94ec98a8ccd130d5412	prose	-	-	-	-	baseline:census-2026-08-19
architecture-api-final	s050-11.2	9febc19561b51100ac5fd193b76f7cd4aae3c5508db68e1c31c2d872dc77c85f	prose	-	-	-	-	baseline:census-2026-08-19
architecture-api-final	s051-11.3	11f33c633857a70a3a8b5669637e63b6158154c016de405833e0602668cad012	prose	-	-	-	-	baseline:census-2026-08-19
architecture-api-final	s052-12	133b9d546d234335b80c107d0655e04800366770cbafc1899bd7a53329ef1daf	prose	-	-	-	-	baseline:census-2026-08-19
architecture-api-final	s053-12.1	dc9b1ba6ad2a285f5a2d58d53523379b845ab94234e4a669145c43f5974ec68f	prose	-	-	-	-	baseline:census-2026-08-19
architecture-api-final	s054-12.2	8349e46d40c0734824dc8f5097c2858ced47fbe7c407e0733a11fc086a221d25	prose	-	-	-	-	baseline:census-2026-08-19
architecture-api-final	s055-12.3	d29aff933ba642d96fd3b26dfc52122dff6ff800e7cbc70db0857832f21bb41f	prose	-	-	-	-	baseline:census-2026-08-19
architecture-api-final	s056-12.4	81c45ed8ac4670f25b3f4fec68d87a10c8575c313ecc96bfe46262917ee98457	prose	-	-	-	-	baseline:census-2026-08-19
architecture-api-final	s057-13	4c1efc0d75f29a2fa5323f59b8e703b82fe2375f16d8123005dd6a4170215b93	prose	-	-	-	-	baseline:census-2026-08-19
architecture-api-final	s058-13.1	5ec8c515324b7ba254ea5380d940adc498b7221e1fc48036177fa69c62432135	prose	-	-	-	-	baseline:census-2026-08-19
architecture-api-final	s059-13.2	f9a273b8bf0852fba03df4b77c096ca1e7082b93709971b1b935dcd72be18b91	prose	-	-	-	-	baseline:census-2026-08-19
architecture-api-final	s060-13.3	e9332eab18675afc4dcd53f9a0337f65b3f617110bc1a50447d5b068475abedd	prose	-	-	-	-	baseline:census-2026-08-19
architecture-api-final	s061-13.4	8c87031aa62ad288c211a71858105dea4cf0492e49cc5c8bfa604c6051b7109e	prose	-	-	-	-	baseline:census-2026-08-19
architecture-api-final	s062-14	80635b43559e256cfb594594506d29190706d57d6357a204e22adb789881867c	prose	-	-	-	-	baseline:census-2026-08-19
architecture-api-final	s063-14.1	2c8e88a5fe3f027a74d219d386004a43f0fbaeeb8b30702ec5be54260494337f	prose	-	-	-	-	baseline:census-2026-08-19
architecture-api-final	s064-14.2	99794f1735816f4e7c949ffeef0f67630dfa739ecb0615783c7a00f6a0d50a9f	prose	-	-	-	-	baseline:census-2026-08-19
architecture-api-final	s065-14.3	108138f62216972d06796bba8bb17f4bc9a7770896059c08b5e4b446f79e03c7	prose	-	-	-	-	baseline:census-2026-08-19
architecture-api-final	s066-14.4	60041b8a02d700e23900b86ba6e94880d2118dddf48f45fc03af54c75184faf9	prose	-	-	-	-	baseline:census-2026-08-19
architecture-api-final	s067-15	0c99ec7fa06c492490bedbd7f075efffcf090d6e56213aa76dd36c926e5a70ac	prose	-	-	-	-	baseline:census-2026-08-19
implementation-django-web-skill	s001	dd7d8b84341a8c468d64f67a912883292d7bb2341b98402f1e502c5fe53373ec	prose	-	-	-	-	baseline:census-2026-08-19
implementation-django-web-skill	s002	6bc36621064beeced4bf7b3e3135dad25c4d301ac8d34d6e89100f68a55a2c09	prose	-	-	-	-	baseline:census-2026-08-19
implementation-django-web-skill	s003	17f460eca1aae50c4bea4ea25ae0b54607bf713bba47b1be6192123530f404e6	prose	-	-	-	-	baseline:census-2026-08-19
implementation-django-web-skill	s004	650fc3072c7647ee5d033d29de796b294bb24773be30979a4c7530b92b8f121b	prose	-	-	-	-	baseline:census-2026-08-19
implementation-django-web-skill	s005	cf878795a0db2d085fd2317f7a5eedb72a88043083212c2976a49da636e3ccb0	prose	-	-	-	-	baseline:census-2026-08-19
implementation-django-web-final	s001	514b8a8ecff53f2f6295b1cbb0a953f87575d4aa562e59a2d9d6972e3c05ebc1	prose	-	-	-	-	baseline:census-2026-08-19
implementation-django-web-final	s002-1	fb9dd8e919cc956a1e63bfa438bfa6b12afbcc0082fd58fa039375bf330e9469	prose	-	-	-	-	baseline:census-2026-08-19
implementation-django-web-final	s003-2	ce924aeb847832c4d2a3d91a6dc7ab54666814a8a73cecf1721b8622d0b4d7d5	prose	-	-	-	-	baseline:census-2026-08-19
implementation-django-web-final	s004-3	35b2a4233dad9486c7ef65a6b85757f5e39d57087665cc36cd211954f3b09412	prose	-	-	-	-	baseline:census-2026-08-19
implementation-django-web-final	s005-4	6b4e7afd233203e3b243c04e4d6787855c2cc2b98460f46c66cac2c8a8fc215e	prose	-	-	-	-	baseline:census-2026-08-19
implementation-django-web-final	s006-5	352866dcdb253a67cb0d07e5967f08a947eeccd427465b2acac9fa7aae957c49	prose	-	-	-	-	baseline:census-2026-08-19
implementation-django-web-final	s007-6	e978b86bedcaef85dc7d340ffa5064d34b4aa0fa80864bc7e79e955495a88eae	prose	-	-	-	-	baseline:census-2026-08-19
implementation-django-web-final	s008-7	de705a07cf38343787d750b001e78a541c3e2d501246faca1e90f9dcd0cbf46c	prose	-	-	-	-	baseline:census-2026-08-19
implementation-django-web-final	s009-8	752af501d0652d62827b2a7ff5e8ff8583f9efa5ef2ee74942d729f4107d9f16	prose	-	-	-	-	baseline:census-2026-08-19
implementation-django-web-final	s010-9	1aaa23ede6af01e14041847c05a7c844ae9ad41f0d363ab163e90026d7b6f578	prose	-	-	-	-	baseline:census-2026-08-19
implementation-django-web-final	s011-10	c8a447a3c363e535bcaaadff8747cdb202d416ae329edb76d5cb11198d5fa330	prose	-	-	-	-	baseline:census-2026-08-19
implementation-django-web-final	s012-11	dcbd93d133f167e4ab9b81b14b8fb47943279986036c9d820ac66b406411499d	prose	-	-	-	-	baseline:census-2026-08-19
discipline-houserules-skill	s001	537dc36542c943f700fc75be062550d59d479585d59548a5ce510636469a430d	prose	-	-	-	-	baseline:census-2026-08-19
discipline-houserules-skill	s002	8e2859a5a4061c1811cbebacdb730c9ae9c7a8ecb80a55b7425447a6309b85a3	prose	-	-	-	-	baseline:census-2026-08-19
discipline-houserules-skill	s003	8dfb8e8e4cdf3956d01f7901d858e3fd3b261f672c26bcc327963014ab3bceb1	prose	-	-	-	-	baseline:census-2026-08-19
discipline-houserules-skill	s004-1	91601714dd752677e5aba73f890b432e6416aa8eabfe8ea4ba6e554eb042334b	prose	-	-	-	-	baseline:census-2026-08-19
discipline-houserules-skill	s005-2	378d9bbf1b03d2e05565da4c298e98cbb642e619169d9baee53021024d54703e	prose	-	-	-	-	baseline:census-2026-08-19
discipline-houserules-skill	s006-3	c64723c138c98a0bfb81185519a0d77440fd7d93d85e8ea1e584ab56f1c03a64	prose	-	-	-	-	baseline:census-2026-08-19
discipline-houserules-skill	s007-4	b2e965288ac9406df9a9e373312e1f0f52158eca224f76daa43e639842c5fd13	prose	-	-	-	-	baseline:census-2026-08-19
discipline-houserules-skill	s008-4.1	8817b8ee74808c14be29155d50f3496656c09012c3d2b8518e7761660c71fef3	prose	-	-	-	-	baseline:census-2026-08-19
discipline-houserules-skill	s009-5	f8952879b90ba9d1fe5e360494654d7397035d0f4669674ab913b4284881987b	prose	-	-	-	-	baseline:census-2026-08-19
discipline-houserules-skill	s010-6	38953efc41bc271a20579124a37c1c51ea49c8fe5df490da002bca189e9a2c23	prose	-	-	-	-	baseline:census-2026-08-19
discipline-houserules-skill	s011-6.1	b8f12e99d3e8d82dd83cb0a15a00cd0a0290a8fbdcf059f49586947b17eeacec	prose	-	-	-	-	baseline:census-2026-08-19
discipline-houserules-skill	s012-6.2	a357189193aeaab896f4e11486d33801606c57f2745d0e8a429e1a9d02c45341	prose	-	-	-	-	baseline:census-2026-08-19
discipline-houserules-final	s001	863ae6e3b74f08af8ef83d6ea05653035a5ed57cd6ead3af73464b41039d95e8	prose	-	-	-	-	baseline:census-2026-08-19
discipline-houserules-final	s002	e73a74861bb9ee1e391e433abb609690d5e97c1c4eb7ec0de1ecffdf87206dd2	prose	-	-	-	-	baseline:census-2026-08-19
discipline-houserules-final	s003-0	f62a35805be683d5ba4ab54fda4953e3e108051ff39978e8a7875ad2095f793f	prose	-	-	-	-	baseline:census-2026-08-19
discipline-houserules-final	s004-1	61dbd5f1e9796dca931e2e6414a6cf5872fbea943a73f67460582d0cb06dea3a	prose	-	-	-	-	baseline:census-2026-08-19
discipline-houserules-final	s005-2	47d6653207f239f88b7fabbe59b9d4cc6ca358d09bb91089876d49e59f6efded	prose	-	-	-	-	baseline:census-2026-08-19
discipline-houserules-final	s006	a71099fefe08b35ce1e68670c313897bc7169cc9cbcafb4fb2b6ceb2b0fccabe	prose	-	-	-	-	baseline:census-2026-08-19
discipline-houserules-final	s007	6125f69912b74969086300389ccc03a2e72675e80512774d1edb3d63ca3de5f0	prose	-	-	-	-	baseline:census-2026-08-19
discipline-houserules-final	s008	22a30bf41fde565013a58786d9c368bd5f142d715f2d9e17511b11042e3f20ea	prose	-	-	-	-	baseline:census-2026-08-19
discipline-houserules-final	s009	9bf0c7b214f6ed20a5c1bbea4df55bdeabd64f1849bdf957a80041a1da1d3a3f	prose	-	-	-	-	baseline:census-2026-08-19
discipline-houserules-final	s010	973a8531fdfa0ceb0e86cce4ece5b468d56f8f25649261509e28b6e1cc1c4aea	prose	-	-	-	-	baseline:census-2026-08-19
discipline-houserules-final	s011-3	82fb0aa48ba09d2b012434f68f08bd0d7d6948cc7ba6b7f5a3512b2eb0d52fea	prose	-	-	-	-	baseline:census-2026-08-19
discipline-houserules-final	s012-4	32c0efa88f08e5d4d484bf04918b69a57e2c12b124468613978eafc479a41817	prose	-	-	-	-	baseline:census-2026-08-19
discipline-houserules-final	s013	a2afbb5f1f6acd756528aaf7e3217fde841a89c1edad2342fbe42c2c48197edd	prose	-	-	-	-	baseline:census-2026-08-19
discipline-houserules-final	s014	2fe0274e64eb32ba0891ce1debf4f114df97ec531aa1a83ce94d95f022006e44	prose	-	-	-	-	baseline:census-2026-08-19
discipline-houserules-final	s015	09c43059b67834d7b15e307b371e14baa2a346bfc19563f16f888583394f1104	prose	-	-	-	-	baseline:census-2026-08-19
discipline-houserules-final	s016	6879b8086c3439e43a678360f062be9781a5ac7e12be7b7d64d870408171b322	prose	-	-	-	-	baseline:census-2026-08-19
discipline-houserules-final	s017	3479e804ac0b1f15cc7f615d9ff5388db090c308477f0651478a9f3ee4232279	prose	-	-	-	-	baseline:census-2026-08-19
command-dddjango	s001	df36b9f547db3001d3428dc360dce0920cba9e6bc04627fe0e133a8cbfe510a0	prose	-	-	-	-	baseline:census-2026-08-19
command-dddjango	s002	f486f3774f4ebf1198a3140a0833a8d93905dacc8a2a1a76e93bd1ab97892cb6	prose	-	-	-	-	baseline:census-2026-08-19
command-dddjango	s003	2f6f82ed323b43f7db1a0bb8d4f7d249b6eeb377482d3e9141322023c1fb1823	prose	-	-	-	-	baseline:census-2026-08-19
command-dddjango	s004	1977e9b16ca7c8becd667720ff919a89fbe068b3b21c1be8fbc2d7d0d18328fb	prose	-	-	-	-	baseline:census-2026-08-19
command-dddjango	s005	e859c5889c4c4d95ea3b34cfcfd88dc542bbc01f038f6e751ed49e3333e8d837	prose	-	-	-	-	baseline:census-2026-08-19
command-dddjango	s006	3aad752e7f25dd51489b7e7603641bd8a3214c5ed4d5f76388a9101805ec478b	prose	-	-	-	-	baseline:census-2026-08-19
command-dddjango	s007	c1f0d29a598f5f21f37d30aea9b0d6cee8e68ef1765dfb8fe4aba4ab00ea4c69	prose	-	-	-	-	baseline:census-2026-08-19
command-dddjango	s008	70f81856eaacf625306457f49cd108b45a5e27720ef92651bab3a807feeb0b99	prose	-	-	-	-	baseline:census-2026-08-19
command-dddjango	s009	9f3b4e3e5c35c86b97f17f42198999a3b8137196f531c22b0424e6b371eb2f0a	prose	-	-	-	-	baseline:census-2026-08-19
command-dddjango	s010	a95172ba1aa237d40c5542468c4071d90767fa7b82ec3a9c9e2356a3bcc5f761	prose	-	-	-	-	baseline:census-2026-08-19
command-dddjango	s011	ccaa3b536a63ce6d4ae457e623ba329e639f66063a287aa6664292744dc524cf	prose	-	-	-	-	baseline:census-2026-08-19
agent-acceptance-tester	s001	3803c9a8fa7cc9cb6ea58fbb64cd572e7c7321be96a5842f85708305fe22355f	prose	-	-	-	-	baseline:census-2026-08-19
agent-acceptance-tester	s002	57f202ead2eafc4be4d02e30291f23b7346f683079ab7b165e67cc7987bd2515	prose	-	-	-	-	baseline:census-2026-08-19
agent-acceptance-tester	s003	9a717932afb146f346fce2994e75c1ca502b698622952d57c545664ba9f78bf4	prose	-	-	-	-	baseline:census-2026-08-19
agent-acceptance-tester	s004	7d9e448427f2ecaac682629646a0380cae26fad3897da4b7de2a2a7d9c39c100	prose	-	-	-	-	baseline:census-2026-08-19
agent-acceptance-tester	s005	0ce20b339e86ca74278d6e57f07c354a02ac824146ba6e487cc65e3e95017cbb	prose	-	-	-	-	baseline:census-2026-08-19
agent-coder	s001	142a1a295354697b6bf431c3f07b7e46a354c229ee8567fe736cef6e1c053bcb	prose	-	-	-	-	baseline:census-2026-08-19
agent-coder	s002	75f6ed7eb5a063bc98c6a47c8c0a1ebb11d979346b06d9d0fb9bf70c8ab0e65e	prose	-	-	-	-	baseline:census-2026-08-19
agent-coder	s003	b67ce91f1c3a8c57f94672e14826173b9ef0f74c14d9042206da2ef3049a290a	prose	-	-	-	-	baseline:census-2026-08-19
agent-coder	s004	46c143e91adf91210d8e5eec8c4e37f63ef360f1fe70e8c65a2664205da8be30	prose	-	-	-	-	baseline:census-2026-08-19
agent-coder	s005	f7c4a6fe5fc65f6798e3949da7a0801b8a1e613c6c2de37852f9ca9a24cc60a4	prose	-	-	-	-	baseline:census-2026-08-19
agent-coder	s006	ffa1900fe756b057b3e86342f79062d55ffc98cea8216f1d49ae48f045515194	prose	-	-	-	-	baseline:census-2026-08-19
agent-design-architect	s001	b690f715b5d1668bb2e2ffc717008f3ec25a41edfdb50080d31e1e056f2fc914	prose	-	-	-	-	baseline:census-2026-08-19
agent-design-architect	s002	5caf4868448eb312bd84e96ce002cf3669e5bd4c655a067178f25a4f07c9a57d	prose	-	-	-	-	baseline:census-2026-08-19
agent-design-architect	s003	8c5d6b70205392c920ca179d7b15401a799d4b9376defefc8c91005c25e4e00f	prose	-	-	-	-	baseline:census-2026-08-19
agent-design-architect	s004	6440139a7735dcd8aaf3783a5aa5f9406ed2ee253d814cf7059886ec23d2ce4d	prose	-	-	-	-	baseline:census-2026-08-19
agent-design-architect	s005	ecfbd450dd3c3278504c64264676741da8507fbbd61343b1bbbfd25bd0dd2044	prose	-	-	-	-	baseline:census-2026-08-19
agent-design-architect	s006	de2d485b62dfe8e9ffbea7e321bcff9e12316d0e0d0bf779f96613071181c01a	prose	-	-	-	-	baseline:census-2026-08-19
agent-design-architect	s007	38580a21543a365f4913608faab6a355285958f865bfe3868acbfa6fffb1ad6e	prose	-	-	-	-	baseline:census-2026-08-19
agent-design-review-api	s001	cbcdf279fb76a7256944732f51099ef44171ebdbbc9ea6530b837b8f9def5c59	prose	-	-	-	-	baseline:census-2026-08-19
agent-design-review-api	s002	c9ea6874a25f37f6185ca2468905a8ccecf1ead802aac9412353b2f1eb20f648	prose	-	-	-	-	baseline:census-2026-08-19
agent-design-review-api	s003	5af11028d4e9dcd64d567717d02644f2f9f0550eff0b2288eb27f691fda97168	prose	-	-	-	-	baseline:census-2026-08-19
agent-design-review-api	s004	52585c3d4da1d3414d37434d5b7af72ba641b4a53531c2d1037b4a7460628c00	prose	-	-	-	-	baseline:census-2026-08-19
agent-design-review-api	s005	7f619bc5a3cc56f2c2755f52bab42eebcc9e079bf02f94d1f7af3a34f9f2b13f	prose	-	-	-	-	baseline:census-2026-08-19
agent-design-review-api	s006	3622531ea8c546956d00fc1b627fc652f61a8d6ee471d5a6f87141e0872da7bd	prose	-	-	-	-	baseline:census-2026-08-19
agent-design-review-api	s007	fc5168d76f06f040d72067b203447ff99050fafaf8bdea5730d5f8724ce1a413	prose	-	-	-	-	baseline:census-2026-08-19
agent-design-review-db	s001	8df52f01ee6740e08b82e568a772a3a97ad20ba75b8ae5fe551516daa018a375	prose	-	-	-	-	baseline:census-2026-08-19
agent-design-review-db	s002	849bfc02fb9944c89780ad1e01696330c3e0dfeac6384f4e7187bd8216cd41aa	prose	-	-	-	-	baseline:census-2026-08-19
agent-design-review-db	s003	8116b715e4ba6a02e1fa4859606610060743bf0afc0e6bf391cb4012c1b71193	prose	-	-	-	-	baseline:census-2026-08-19
agent-design-review-db	s004	31f05a7f45386fb1b6734c89fff06f80f555f615e72dc17c87a26b2416ac24e9	prose	-	-	-	-	baseline:census-2026-08-19
agent-design-review-db	s005	eff53e376c702c07aad482faa83b6d34aa7ae100d3fd46c720588fdd70ffb359	prose	-	-	-	-	baseline:census-2026-08-19
agent-design-review-ddd	s001	7acd787296d3862dd0f308a351a9e9598db36acb38f1415f199b9bb13550ca1a	prose	-	-	-	-	baseline:census-2026-08-19
agent-design-review-ddd	s002	849bfc02fb9944c89780ad1e01696330c3e0dfeac6384f4e7187bd8216cd41aa	prose	-	-	-	-	baseline:census-2026-08-19
agent-design-review-ddd	s003	12a44567c0c5717838a6760e3c9b8cf295241a45b98751e9c9d2f35c48d305ae	prose	-	-	-	-	baseline:census-2026-08-19
agent-design-review-ddd	s004	9b11fffe0b08d9b523b200472423e98c386f229c05dd5d1cbdbff4ec81269667	prose	-	-	-	-	baseline:census-2026-08-19
agent-design-review-ddd	s005	e2482b4586f1df119762efd6bd2848bd9c948d7cf113422f26c51778f7d9c138	prose	-	-	-	-	baseline:census-2026-08-19
agent-discipline-reviewer	s001	b19700314a40db5dbdfa11c8a0eb655996da7be6df5c14b5a28bc35b1076fe22	prose	-	-	-	-	baseline:census-2026-08-19
agent-discipline-reviewer	s002	25045129f12bda4196e6bc3e87a4ee7bf8aa0cc105ef4a2b2886bbc7cb083e39	prose	-	-	-	-	baseline:census-2026-08-19
agent-discipline-reviewer	s003	a566f8a09ab136e64de775c0ea5333fd6b64f0a9077717852378b22a5c182b0d	prose	-	-	-	-	baseline:census-2026-08-19
agent-discipline-reviewer	s004	eb9cb6022f4c72813bc2089d48793f7e0c1f1ec9f39ff97d106a0e9fff533239	prose	-	-	-	-	baseline:census-2026-08-19
agent-discipline-reviewer	s005	3b8b4aedf37477db77df7578ae2253d2acd0ef062fec4bcb8c073b1ac442de27	prose	-	-	-	-	baseline:census-2026-08-19
agent-discipline-reviewer	s006	b45a4c41534efe44d92f4dedcd20aba83652f012a73972ac2ed18cedd9f16640	prose	-	-	-	-	baseline:census-2026-08-19
agent-discipline-reviewer	s007	5caff4ad3d274d161436ad55334a0f63e384e8be7a305bdff620fe518cce45e5	prose	-	-	-	-	baseline:census-2026-08-19
agent-discipline-reviewer	s008	f1a29062ca64e92f3dd1c6d935b5650c7530f10edfd7cd10c758415d9a512caf	prose	-	-	-	-	baseline:census-2026-08-19
implementation-django-ninja-final	s022-6.1	9451ae1429819222e94380ee1090abe05d7898cbf95297a8eafc59ada453a9b6	graph	9451ae1429819222e94380ee1090abe05d7898cbf95297a8eafc59ada453a9b6	17	8	ceb3c6a	migrate:t1-pilot 2026-08-19 (commit 해시는 검수 패키지 단계 ⑦에서 기입)
architecture-ddd-final	s051-8	f99c8c0d9579d55d756857b2a3349e7e45a0d143d1a58be4828d483059294df0	graph	f99c8c0d9579d55d756857b2a3349e7e45a0d143d1a58be4828d483059294df0	11	8	ceb3c6a	migrate:t1-pilot 2026-08-19 (commit 해시는 검수 패키지 단계 ⑦에서 기입)
architecture-ddd-final	s017-3.2	f72075797a2748ed7e8440284b5062f8f45b77e10b75fd1ea26988afe7813f92	graph	f72075797a2748ed7e8440284b5062f8f45b77e10b75fd1ea26988afe7813f92	9	18	ceb3c6a	migrate:t1-pilot 2026-08-19 (commit 해시는 검수 패키지 단계 ⑦에서 기입)
implementation-django-ninja-final	s023-6.2	3cb7f77da8529210d99564830cc5dcafbecc889fc1c1c13633f044219291901c	graph	3cb7f77da8529210d99564830cc5dcafbecc889fc1c1c13633f044219291901c	36	83	ceb3c6a	migrate:t1-pilot 2026-08-19 (commit 해시는 검수 패키지 단계 ⑦에서 기입)
architecture-ddd-final	s051-8	f99c8c0d9579d55d756857b2a3349e7e45a0d143d1a58be4828d483059294df0	prose	-	-	-	-	rollback-rehearsal:2026-08-19 재선언(렌더본→산문 정본)
architecture-ddd-final	s051-8	f99c8c0d9579d55d756857b2a3349e7e45a0d143d1a58be4828d483059294df0	graph	eff0326a8c490a3e5e2ea40fe9e029e7085f093a7f4f5d22e2f3812075e04e48	11	8	ceb3c6a	rollback-rehearsal:2026-08-19 재이관(왕복 완료)
implementation-django-ninja-final	s022-6.1	9451ae1429819222e94380ee1090abe05d7898cbf95297a8eafc59ada453a9b6	graph	9451ae1429819222e94380ee1090abe05d7898cbf95297a8eafc59ada453a9b6	17	9	ceb3c6a	migrate:t1-pilot 2026-08-19 (commit 해시는 검수 패키지 단계 ⑦에서 기입)
implementation-django-ninja-final	s023-6.2	3cb7f77da8529210d99564830cc5dcafbecc889fc1c1c13633f044219291901c	graph	3cb7f77da8529210d99564830cc5dcafbecc889fc1c1c13633f044219291901c	36	88	ceb3c6a	migrate:t1-pilot 2026-08-19 (commit 해시는 검수 패키지 단계 ⑦에서 기입)
architecture-ddd-final	s051-8	f99c8c0d9579d55d756857b2a3349e7e45a0d143d1a58be4828d483059294df0	graph	f99c8c0d9579d55d756857b2a3349e7e45a0d143d1a58be4828d483059294df0	11	8	ceb3c6a	migrate:t1-pilot 2026-08-19 (commit 해시는 검수 패키지 단계 ⑦에서 기입)
architecture-ddd-final	s017-3.2	f72075797a2748ed7e8440284b5062f8f45b77e10b75fd1ea26988afe7813f92	graph	f72075797a2748ed7e8440284b5062f8f45b77e10b75fd1ea26988afe7813f92	9	20	ceb3c6a	migrate:t1-pilot 2026-08-19 (commit 해시는 검수 패키지 단계 ⑦에서 기입)
command-dddjango	s007	e42de6d2ec05af75c952a9ff84d6c092b07da976c360e5dc64acacf6aa54a185	prose	-	-	-	-	rebaseline:2026-08-20 V2/V3 DI 이관(#81/#488=layer-skeleton 소유 — 귀속 매핑표 v2 §3.2) 문면 동기
command-dddjango	s007	93bdc36fa0a028935a2e2019e7464f09b5fe239d02c27469a65d9043ad47c3bb	prose	-	-	-	-	rebaseline:2026-08-20 T2-3 — step 6′ 재생성 루프 절 신설(DJR_LOOP_ENABLED=on 일 때만 발화·기본 off 경로 무변)
command-dddjango	s007	93c4a385763bbbd811a08c4c4931287ddf4a7976d6030f3552a0d9f468935927	prose	-	-	-	-	rebaseline:2026-08-20 T2-4 — step 6ʹ 주입 재료 절 개정(동결 개정 8: DJR_LOOP_SELECTOR=sparql 일 때만 <rules> 번호·명칭 추가·본문 미동봉·snapshot 은 byte 불변)
command-dddjango	s007	a26771a2161bcb0b9a15714328a787f50d1c7048642b4df17a8cd088b167c217	prose	-	-	-	-	rebaseline:2026-08-20 T2-4 — step 6ʹ 에 셸 B 스크립트 호출 문면 추가(regen_core.py CLI · 즉석 조립 금지 · exit 3=대상 0 · exit 1=팩 결손 중단)
command-dddjango	s007	2848300d3bf45568d7781e36308163065b4d09e38878bef387b7b4ea84ffacf9	prose	-	-	-	-	rebaseline:2026-08-20 T2-4 사후 리뷰 반영 — step 6ʹ 에 계약 sidecar(--contract-json) 생성·소비 명령 추가(개정 9 계수 원자료·주입 대상 아님)
command-dddjango	s007	acaae20e76d5c75f34e0ab70e6c944edb1022678f6851cc7150c29bd0b663c8c	prose	-	-	-	-	rebaseline:2026-08-20 T2-0b 전수 리뷰 반영 — step 6ʹ 호출 문면에 --selector 명시 인자 추가(기본값 폐지·미지정이면 exit 1 중단 · 레인 AV 발견 4)
command-dddjango	s007	faf21286735aba625924fb3162e0df1bf4f765c2eeeb71b84b09ab369f999252	prose	-	-	-	-	rebaseline:2026-08-22 동결 개정 10 — step 6ʹ 발화 지점 확대(«6번 한정»→«귀속 red 의 모든 반송 전»·회전 계상 런 전체 누적·반송 메시지 6ʹ 결과 명기 의무 — BK2 처치 0회 발화 판정)
command-dddjango	s001	df36b9f547db3001d3428dc360dce0920cba9e6bc04627fe0e133a8cbfe510a0	graph	df36b9f547db3001d3428dc360dce0920cba9e6bc04627fe0e133a8cbfe510a0	4	6	pending	migrate:t1-pilot 2026-08-22 (commit 해시는 검수 패키지 단계 ⑦에서 기입)
command-dddjango	s002	f486f3774f4ebf1198a3140a0833a8d93905dacc8a2a1a76e93bd1ab97892cb6	graph	f486f3774f4ebf1198a3140a0833a8d93905dacc8a2a1a76e93bd1ab97892cb6	7	9	pending	migrate:t1-pilot 2026-08-22 (commit 해시는 검수 패키지 단계 ⑦에서 기입)
command-dddjango	s003	2f6f82ed323b43f7db1a0bb8d4f7d249b6eeb377482d3e9141322023c1fb1823	graph	2f6f82ed323b43f7db1a0bb8d4f7d249b6eeb377482d3e9141322023c1fb1823	12	22	pending	migrate:t1-pilot 2026-08-22 (commit 해시는 검수 패키지 단계 ⑦에서 기입)
command-dddjango	s004	1977e9b16ca7c8becd667720ff919a89fbe068b3b21c1be8fbc2d7d0d18328fb	graph	1977e9b16ca7c8becd667720ff919a89fbe068b3b21c1be8fbc2d7d0d18328fb	1	5	pending	migrate:t1-pilot 2026-08-22 (commit 해시는 검수 패키지 단계 ⑦에서 기입)
command-dddjango	s005	e859c5889c4c4d95ea3b34cfcfd88dc542bbc01f038f6e751ed49e3333e8d837	graph	e859c5889c4c4d95ea3b34cfcfd88dc542bbc01f038f6e751ed49e3333e8d837	9	39	pending	migrate:t1-pilot 2026-08-22 (commit 해시는 검수 패키지 단계 ⑦에서 기입)
command-dddjango	s006	3aad752e7f25dd51489b7e7603641bd8a3214c5ed4d5f76388a9101805ec478b	graph	3aad752e7f25dd51489b7e7603641bd8a3214c5ed4d5f76388a9101805ec478b	8	52	pending	migrate:t1-pilot 2026-08-22 (commit 해시는 검수 패키지 단계 ⑦에서 기입)
command-dddjango	s007	faf21286735aba625924fb3162e0df1bf4f765c2eeeb71b84b09ab369f999252	graph	faf21286735aba625924fb3162e0df1bf4f765c2eeeb71b84b09ab369f999252	57	153	pending	migrate:t1-pilot 2026-08-22 (commit 해시는 검수 패키지 단계 ⑦에서 기입)
command-dddjango	s008	70f81856eaacf625306457f49cd108b45a5e27720ef92651bab3a807feeb0b99	graph	70f81856eaacf625306457f49cd108b45a5e27720ef92651bab3a807feeb0b99	1	3	pending	migrate:t1-pilot 2026-08-22 (commit 해시는 검수 패키지 단계 ⑦에서 기입)
command-dddjango	s009	9f3b4e3e5c35c86b97f17f42198999a3b8137196f531c22b0424e6b371eb2f0a	graph	9f3b4e3e5c35c86b97f17f42198999a3b8137196f531c22b0424e6b371eb2f0a	6	17	pending	migrate:t1-pilot 2026-08-22 (commit 해시는 검수 패키지 단계 ⑦에서 기입)
command-dddjango	s010	a95172ba1aa237d40c5542468c4071d90767fa7b82ec3a9c9e2356a3bcc5f761	graph	a95172ba1aa237d40c5542468c4071d90767fa7b82ec3a9c9e2356a3bcc5f761	9	14	pending	migrate:t1-pilot 2026-08-22 (commit 해시는 검수 패키지 단계 ⑦에서 기입)
command-dddjango	s011	ccaa3b536a63ce6d4ae457e623ba329e639f66063a287aa6664292744dc524cf	graph	ccaa3b536a63ce6d4ae457e623ba329e639f66063a287aa6664292744dc524cf	6	15	pending	migrate:t1-pilot 2026-08-22 (commit 해시는 검수 패키지 단계 ⑦에서 기입)
architecture-ddd-final	s004-1.2	2346c55e38856c0bb5c9def965c8805336311c0302c0168dca2e874654b6fa75	graph	2346c55e38856c0bb5c9def965c8805336311c0302c0168dca2e874654b6fa75	4	5	pending	migrate:t1-pilot 2026-08-22 (commit 해시는 검수 패키지 단계 ⑦에서 기입)
architecture-ddd-final	s007-2.1	a9e6a57d5f0522f6181bf3c3d2c7dfd9f08cc4db9709b4eb89fe6d131dec7f10	graph	a9e6a57d5f0522f6181bf3c3d2c7dfd9f08cc4db9709b4eb89fe6d131dec7f10	4	2	pending	migrate:t1-pilot 2026-08-22 (commit 해시는 검수 패키지 단계 ⑦에서 기입)
architecture-ddd-final	s008-2.2	f32892f4cb5b99884643fd733d7a83dbcd8ab6ba72fe4ce5ad7fe8deb7795099	graph	f32892f4cb5b99884643fd733d7a83dbcd8ab6ba72fe4ce5ad7fe8deb7795099	16	1	pending	migrate:t1-pilot 2026-08-22 (commit 해시는 검수 패키지 단계 ⑦에서 기입)
architecture-ddd-final	s009-2.3	66a06400de4f961af8372518f5f0318ecf9a725d1fe61610e2422b01f6f23bdc	graph	66a06400de4f961af8372518f5f0318ecf9a725d1fe61610e2422b01f6f23bdc	6	4	pending	migrate:t1-pilot 2026-08-22 (commit 해시는 검수 패키지 단계 ⑦에서 기입)
architecture-ddd-final	s010-2.4	0e7ad62f010c56a1fa518580d9a6ee17a3f84f82a66c4fc566f7d0f7504012f4	graph	0e7ad62f010c56a1fa518580d9a6ee17a3f84f82a66c4fc566f7d0f7504012f4	5	4	pending	migrate:t1-pilot 2026-08-22 (commit 해시는 검수 패키지 단계 ⑦에서 기입)
architecture-ddd-final	s011-2.5	8c42437018e9173ed0235f56102c913454cb2c5d65b4f338540808bedee6962c	graph	8c42437018e9173ed0235f56102c913454cb2c5d65b4f338540808bedee6962c	19	16	pending	migrate:t1-pilot 2026-08-22 (commit 해시는 검수 패키지 단계 ⑦에서 기입)
architecture-ddd-final	s012-2.6	f289867fc1551127c41e2b3043020092b79245adeaec7623ef65c4f458b626f4	graph	f289867fc1551127c41e2b3043020092b79245adeaec7623ef65c4f458b626f4	12	1	pending	migrate:t1-pilot 2026-08-22 (commit 해시는 검수 패키지 단계 ⑦에서 기입)
architecture-ddd-final	s016-3.1	1e38254c2a28300823d1e77bf69bcd5c943f58f797377aef427bc40dc7b75f58	graph	1e38254c2a28300823d1e77bf69bcd5c943f58f797377aef427bc40dc7b75f58	4	3	pending	migrate:t1-pilot 2026-08-22 (commit 해시는 검수 패키지 단계 ⑦에서 기입)
architecture-ddd-final	s019	9466d5b51c8d8e1f20c97a47f01fa26664fc3050264a0d43b00e3445419e3d5c	graph	9466d5b51c8d8e1f20c97a47f01fa26664fc3050264a0d43b00e3445419e3d5c	11	16	pending	migrate:t1-pilot 2026-08-22 (commit 해시는 검수 패키지 단계 ⑦에서 기입)
architecture-ddd-final	s021-3.4	ff4bffcc783b0be8bd2fb7ff68c2ec1ba1a782cad48b4e998afefa7956d5f258	graph	ff4bffcc783b0be8bd2fb7ff68c2ec1ba1a782cad48b4e998afefa7956d5f258	4	4	pending	migrate:t1-pilot 2026-08-22 (commit 해시는 검수 패키지 단계 ⑦에서 기입)
architecture-ddd-final	s022-3.5	af227560fa91bb74b64ef6fc59a81f4e281304e3dcc8591bbe6a0e28560ea4eb	graph	af227560fa91bb74b64ef6fc59a81f4e281304e3dcc8591bbe6a0e28560ea4eb	5	6	pending	migrate:t1-pilot 2026-08-22 (commit 해시는 검수 패키지 단계 ⑦에서 기입)
architecture-ddd-final	s023-3.6	c513f6bd242d65eb1efc142cbf3de52498bd7a6ee391e8861f1f93d98b974b7c	graph	c513f6bd242d65eb1efc142cbf3de52498bd7a6ee391e8861f1f93d98b974b7c	5	9	pending	migrate:t1-pilot 2026-08-22 (commit 해시는 검수 패키지 단계 ⑦에서 기입)
architecture-ddd-final	s024-3.7	32c30c16b8c7f2466bacb1f27a4346272da7f698fe7a00f9bd7a08f1b7dea396	graph	32c30c16b8c7f2466bacb1f27a4346272da7f698fe7a00f9bd7a08f1b7dea396	4	2	pending	migrate:t1-pilot 2026-08-22 (commit 해시는 검수 패키지 단계 ⑦에서 기입)
architecture-ddd-final	s025	9e697910498454feb355ec4e11f329ea8c92415d64f6cfaed9b2ef976189a06d	graph	9e697910498454feb355ec4e11f329ea8c92415d64f6cfaed9b2ef976189a06d	5	15	pending	migrate:t1-pilot 2026-08-22 (commit 해시는 검수 패키지 단계 ⑦에서 기입)
architecture-ddd-final	s026	ed3ec39344bf7dc018fe84eedb4a10b38945f445d5c7ae6dd974cf6067ef74ae	graph	ed3ec39344bf7dc018fe84eedb4a10b38945f445d5c7ae6dd974cf6067ef74ae	2	18	pending	migrate:t1-pilot 2026-08-22 (commit 해시는 검수 패키지 단계 ⑦에서 기입)
architecture-ddd-final	s029-4.1	9ad00cfc7b3f73a74cd828d41a98b893f3041b969faba666b7345bf29a836985	graph	9ad00cfc7b3f73a74cd828d41a98b893f3041b969faba666b7345bf29a836985	2	1	pending	migrate:t1-pilot 2026-08-22 (commit 해시는 검수 패키지 단계 ⑦에서 기입)
architecture-ddd-final	s030-4.2	12863377f8731a96a5b81fb0651646735b59d684d100487b8227daab61f3e475	graph	12863377f8731a96a5b81fb0651646735b59d684d100487b8227daab61f3e475	2	1	pending	migrate:t1-pilot 2026-08-22 (commit 해시는 검수 패키지 단계 ⑦에서 기입)
architecture-ddd-final	s031-4.3	01b2632eb5300a2913933f29eac98fd77c2ea87d3df3f9718ad001b74c14da75	graph	01b2632eb5300a2913933f29eac98fd77c2ea87d3df3f9718ad001b74c14da75	2	1	pending	migrate:t1-pilot 2026-08-22 (commit 해시는 검수 패키지 단계 ⑦에서 기입)
architecture-ddd-final	s032-4.4	ae6ef36841208a90e2b365b5b0a223c4d3639671c4b2073243706e5dc55bb7a9	graph	ae6ef36841208a90e2b365b5b0a223c4d3639671c4b2073243706e5dc55bb7a9	1	2	pending	migrate:t1-pilot 2026-08-22 (commit 해시는 검수 패키지 단계 ⑦에서 기입)
architecture-ddd-final	s033-4.5	9d7d93a75f89e72522beb587f7c180ac8a94581247cf4104586fc08a63b9291e	graph	9d7d93a75f89e72522beb587f7c180ac8a94581247cf4104586fc08a63b9291e	1	1	pending	migrate:t1-pilot 2026-08-22 (commit 해시는 검수 패키지 단계 ⑦에서 기입)
architecture-ddd-final	s034-4.6	2f2570dc3e9bf831ef7ba64e3a1c473dfa860a071e6cbf749c8e7c0ccac272e0	graph	2f2570dc3e9bf831ef7ba64e3a1c473dfa860a071e6cbf749c8e7c0ccac272e0	3	1	pending	migrate:t1-pilot 2026-08-22 (commit 해시는 검수 패키지 단계 ⑦에서 기입)
architecture-ddd-final	s035-5	194045538988b39d10bf280add73e088e260e83f6030f797d7727f009e92145a	graph	194045538988b39d10bf280add73e088e260e83f6030f797d7727f009e92145a	1	0	pending	migrate:t1-pilot 2026-08-22 (commit 해시는 검수 패키지 단계 ⑦에서 기입)
architecture-ddd-final	s036-5.1	a2aa1223732e44f4a189ee8bb9e3f1b02d08c0fcf5572f772e922b16b410e69e	graph	a2aa1223732e44f4a189ee8bb9e3f1b02d08c0fcf5572f772e922b16b410e69e	3	3	pending	migrate:t1-pilot 2026-08-22 (commit 해시는 검수 패키지 단계 ⑦에서 기입)
architecture-ddd-final	s037-5.2	c9da88577cf5e84aa6e0d03853d06b04f47eccdb07f730ed6ee1aff44399ae95	graph	c9da88577cf5e84aa6e0d03853d06b04f47eccdb07f730ed6ee1aff44399ae95	3	2	pending	migrate:t1-pilot 2026-08-22 (commit 해시는 검수 패키지 단계 ⑦에서 기입)
architecture-ddd-final	s038-5.3	a7eff936bb7d91056b35b5a14c9691848527916cbad6f861b41e9ada68ec64fc	graph	a7eff936bb7d91056b35b5a14c9691848527916cbad6f861b41e9ada68ec64fc	6	16	pending	migrate:t1-pilot 2026-08-22 (commit 해시는 검수 패키지 단계 ⑦에서 기입)
architecture-ddd-final	s039-5.4	2331f593e4eefbd424b1cd2cda7f6012b885f5cc3eeb089cc40b9f5b845e16cb	graph	2331f593e4eefbd424b1cd2cda7f6012b885f5cc3eeb089cc40b9f5b845e16cb	5	10	pending	migrate:t1-pilot 2026-08-22 (commit 해시는 검수 패키지 단계 ⑦에서 기입)
architecture-ddd-final	s040-5.5	577da04a0cea5d809f5f2d11926310d234cf64101df30ebe82289fa073dac073	graph	577da04a0cea5d809f5f2d11926310d234cf64101df30ebe82289fa073dac073	11	5	pending	migrate:t1-pilot 2026-08-22 (commit 해시는 검수 패키지 단계 ⑦에서 기입)
architecture-ddd-final	s042-6.1	015e4538c270bb400e83090c8ebacff5f6762a38b2e37adccffbd2b54755a696	graph	015e4538c270bb400e83090c8ebacff5f6762a38b2e37adccffbd2b54755a696	6	10	pending	migrate:t1-pilot 2026-08-22 (commit 해시는 검수 패키지 단계 ⑦에서 기입)
architecture-ddd-final	s043-6.2	56efb2e2db0992c9b7c52f151e568f6208ac7c35323044b472d831ca62719842	graph	56efb2e2db0992c9b7c52f151e568f6208ac7c35323044b472d831ca62719842	2	1	pending	migrate:t1-pilot 2026-08-22 (commit 해시는 검수 패키지 단계 ⑦에서 기입)
architecture-ddd-final	s044-6.3	796f4b69c7c811c2a0692c7dfc79314976341c221fac55b0265f407842b0ad67	graph	796f4b69c7c811c2a0692c7dfc79314976341c221fac55b0265f407842b0ad67	4	3	pending	migrate:t1-pilot 2026-08-22 (commit 해시는 검수 패키지 단계 ⑦에서 기입)
architecture-ddd-final	s046-6.5	27d96d2f005d51fae00c13ba35a838d50ef6a223e8ce5cb10972db4d3f881caf	graph	27d96d2f005d51fae00c13ba35a838d50ef6a223e8ce5cb10972db4d3f881caf	8	2	pending	migrate:t1-pilot 2026-08-22 (commit 해시는 검수 패키지 단계 ⑦에서 기입)
architecture-ddd-final	s047-6.6	62bd044fd74c0a81c6e5fda75f83a2f3764f21be2f601efed76c5c1134d10b40	graph	62bd044fd74c0a81c6e5fda75f83a2f3764f21be2f601efed76c5c1134d10b40	4	2	pending	migrate:t1-pilot 2026-08-22 (commit 해시는 검수 패키지 단계 ⑦에서 기입)
architecture-ddd-final	s048-6.7	224e413b84e3ca816aa9b61a5ed0d0a716b7e3d9490c70304717aeecb0e4a36f	graph	224e413b84e3ca816aa9b61a5ed0d0a716b7e3d9490c70304717aeecb0e4a36f	11	2	pending	migrate:t1-pilot 2026-08-22 (commit 해시는 검수 패키지 단계 ⑦에서 기입)
architecture-ddd-final	s049-6.8	efae38b707c56e37c10965600a2c9bad03327a8e74a25e8745cf3e96e468d408	graph	efae38b707c56e37c10965600a2c9bad03327a8e74a25e8745cf3e96e468d408	13	14	pending	migrate:t1-pilot 2026-08-22 (commit 해시는 검수 패키지 단계 ⑦에서 기입)
architecture-ddd-final	s050-7	f3ee18d53b6ce27adc897619e3fd4ed0103ade578fd4babdbe020ae7ada8c537	graph	f3ee18d53b6ce27adc897619e3fd4ed0103ade578fd4babdbe020ae7ada8c537	5	3	pending	migrate:t1-pilot 2026-08-22 (commit 해시는 검수 패키지 단계 ⑦에서 기입)
architecture-ddd-final	s052-9	95a51fa05ce98e993776eeea1602c4ce2fd6301d46df9f3fffff6aa2fd2c3488	graph	95a51fa05ce98e993776eeea1602c4ce2fd6301d46df9f3fffff6aa2fd2c3488	17	2	pending	migrate:t1-pilot 2026-08-22 (commit 해시는 검수 패키지 단계 ⑦에서 기입)
implementation-django-ninja-final	s001	0ba63b112ef614eca7a8fb0bce90717c0f805a045d375d154ab7e746c6712a62	graph	0ba63b112ef614eca7a8fb0bce90717c0f805a045d375d154ab7e746c6712a62	2	3	pending	migrate:t1-pilot 2026-08-22 (commit 해시는 검수 패키지 단계 ⑦에서 기입)
implementation-django-ninja-final	s004-1.1	07b3259b44334d6e5d7cf9f8007c5feb2fb9957f83d5e2bcb26f358a7423ebc0	graph	07b3259b44334d6e5d7cf9f8007c5feb2fb9957f83d5e2bcb26f358a7423ebc0	2	1	pending	migrate:t1-pilot 2026-08-22 (commit 해시는 검수 패키지 단계 ⑦에서 기입)
implementation-django-ninja-final	s005-1.2	37ac7507ee0431fa1f1025641f9b58664b89339b14c230b53e57fb64cad953c4	graph	37ac7507ee0431fa1f1025641f9b58664b89339b14c230b53e57fb64cad953c4	4	4	pending	migrate:t1-pilot 2026-08-22 (commit 해시는 검수 패키지 단계 ⑦에서 기입)
implementation-django-ninja-final	s006-1.3	bc196f24da3a29395f973ed8708daa72ebf1dc13eef621a6a471d3dd587b39ed	graph	bc196f24da3a29395f973ed8708daa72ebf1dc13eef621a6a471d3dd587b39ed	5	3	pending	migrate:t1-pilot 2026-08-22 (commit 해시는 검수 패키지 단계 ⑦에서 기입)
implementation-django-ninja-final	s008-2.1	69dfbb6185701abdfda68bc946d92943db71974f11c4a2d4a62ab8b5a02f612d	graph	69dfbb6185701abdfda68bc946d92943db71974f11c4a2d4a62ab8b5a02f612d	5	11	pending	migrate:t1-pilot 2026-08-22 (commit 해시는 검수 패키지 단계 ⑦에서 기입)
implementation-django-ninja-final	s009-2.2	b4ab30922e0d80b652bbd68056ba8bbd8bb3dc9b8fb35d68b8207a3457e2e120	graph	b4ab30922e0d80b652bbd68056ba8bbd8bb3dc9b8fb35d68b8207a3457e2e120	18	25	pending	migrate:t1-pilot 2026-08-22 (commit 해시는 검수 패키지 단계 ⑦에서 기입)
implementation-django-ninja-final	s010-2.3	3e782fee0e21b79cf618d9023a038ef3155a2fc69b0862fe99e8c5b001ac91ce	graph	3e782fee0e21b79cf618d9023a038ef3155a2fc69b0862fe99e8c5b001ac91ce	29	38	pending	migrate:t1-pilot 2026-08-22 (commit 해시는 검수 패키지 단계 ⑦에서 기입)
implementation-django-ninja-final	s012-3.1	4757b89fdd81ae80b9260e85dbd11fda6d3254352f18dc7d5e29b52299a7f733	graph	4757b89fdd81ae80b9260e85dbd11fda6d3254352f18dc7d5e29b52299a7f733	8	17	pending	migrate:t1-pilot 2026-08-22 (commit 해시는 검수 패키지 단계 ⑦에서 기입)
implementation-django-ninja-final	s013-3.2	777f605cd1be48b13d5c689839ea7508e7c083aab482ffb68b20ed2408e7f474	graph	777f605cd1be48b13d5c689839ea7508e7c083aab482ffb68b20ed2408e7f474	3	1	pending	migrate:t1-pilot 2026-08-22 (commit 해시는 검수 패키지 단계 ⑦에서 기입)
implementation-django-ninja-final	s014-3.3	27cf01830ac732292581471778f3392c3faf6d71731fe41e80b996e853fb8520	graph	27cf01830ac732292581471778f3392c3faf6d71731fe41e80b996e853fb8520	2	2	pending	migrate:t1-pilot 2026-08-22 (commit 해시는 검수 패키지 단계 ⑦에서 기입)
implementation-django-ninja-final	s016-4.1	189fbd5f354f7d86ef5ae0809c57427c7e202531abb94e5b18d885a54a864c09	graph	189fbd5f354f7d86ef5ae0809c57427c7e202531abb94e5b18d885a54a864c09	8	9	pending	migrate:t1-pilot 2026-08-22 (commit 해시는 검수 패키지 단계 ⑦에서 기입)
implementation-django-ninja-final	s017-4.2	56c77b45acc62a5a2fccdea4df313e837dff6f0e57a155061f9a1215263a04cf	graph	56c77b45acc62a5a2fccdea4df313e837dff6f0e57a155061f9a1215263a04cf	7	5	pending	migrate:t1-pilot 2026-08-22 (commit 해시는 검수 패키지 단계 ⑦에서 기입)
implementation-django-ninja-final	s019-5.1	3fe52544330919b6f500c0bb1b2499783081a9688cc368f4af4e3f05fef3f97e	graph	3fe52544330919b6f500c0bb1b2499783081a9688cc368f4af4e3f05fef3f97e	9	7	pending	migrate:t1-pilot 2026-08-22 (commit 해시는 검수 패키지 단계 ⑦에서 기입)
implementation-django-ninja-final	s020-5.2	87a85f7f666a739f0301b826218dbd1d33664ab06faf1ff76917205f2443db4a	graph	87a85f7f666a739f0301b826218dbd1d33664ab06faf1ff76917205f2443db4a	9	7	pending	migrate:t1-pilot 2026-08-22 (commit 해시는 검수 패키지 단계 ⑦에서 기입)
implementation-django-ninja-final	s024-6.3	1e93280cfda7ff2bf1fa67f8edf9b0cba3c72a238bdc2a17d134fa45d575df06	graph	1e93280cfda7ff2bf1fa67f8edf9b0cba3c72a238bdc2a17d134fa45d575df06	8	15	pending	migrate:t1-pilot 2026-08-22 (commit 해시는 검수 패키지 단계 ⑦에서 기입)
implementation-django-ninja-final	s025-7	5ff8d77764f7bbf634579825ef4a215c7fda91209606b8a1ad0d0d3392eb9662	graph	5ff8d77764f7bbf634579825ef4a215c7fda91209606b8a1ad0d0d3392eb9662	9	8	pending	migrate:t1-pilot 2026-08-22 (commit 해시는 검수 패키지 단계 ⑦에서 기입)
implementation-django-ninja-final	s026-8	43e367206ef2ba29bf03450fdae3c05e05c884d06ab7f0b620a3633f707e4eef	graph	43e367206ef2ba29bf03450fdae3c05e05c884d06ab7f0b620a3633f707e4eef	6	5	pending	migrate:t1-pilot 2026-08-22 (commit 해시는 검수 패키지 단계 ⑦에서 기입)
implementation-django-ninja-final	s028-9.1	71341dc313fb81b4e82fc580f68fcd4f0ae248125c21a18a2810c1fcb772cac8	graph	71341dc313fb81b4e82fc580f68fcd4f0ae248125c21a18a2810c1fcb772cac8	5	8	pending	migrate:t1-pilot 2026-08-22 (commit 해시는 검수 패키지 단계 ⑦에서 기입)
implementation-django-ninja-final	s029-9.2	c6409381c88a12e943faa0001257c21414a6fdb8d7049376aa7005bd306ec830	graph	c6409381c88a12e943faa0001257c21414a6fdb8d7049376aa7005bd306ec830	4	3	pending	migrate:t1-pilot 2026-08-22 (commit 해시는 검수 패키지 단계 ⑦에서 기입)
implementation-django-ninja-final	s030-10	38dafc4884a8772570ff4ac0b026e6003f41a04610634f5778d1dd9743b5891f	graph	38dafc4884a8772570ff4ac0b026e6003f41a04610634f5778d1dd9743b5891f	5	4	pending	migrate:t1-pilot 2026-08-22 (commit 해시는 검수 패키지 단계 ⑦에서 기입)
implementation-django-ninja-final	s031-11	5112e79fa0c0b2fadc84a03d00b376ad6619f80fb29a4c497cd05ee1e23dff4a	graph	5112e79fa0c0b2fadc84a03d00b376ad6619f80fb29a4c497cd05ee1e23dff4a	7	6	pending	migrate:t1-pilot 2026-08-22 (commit 해시는 검수 패키지 단계 ⑦에서 기입)
agent-discipline-reviewer	s001	b19700314a40db5dbdfa11c8a0eb655996da7be6df5c14b5a28bc35b1076fe22	graph	b19700314a40db5dbdfa11c8a0eb655996da7be6df5c14b5a28bc35b1076fe22	2	5	pending	migrate:t1-pilot 2026-08-22 (commit 해시는 검수 패키지 단계 ⑦에서 기입)
agent-discipline-reviewer	s002	25045129f12bda4196e6bc3e87a4ee7bf8aa0cc105ef4a2b2886bbc7cb083e39	graph	25045129f12bda4196e6bc3e87a4ee7bf8aa0cc105ef4a2b2886bbc7cb083e39	12	27	pending	migrate:t1-pilot 2026-08-22 (commit 해시는 검수 패키지 단계 ⑦에서 기입)
agent-discipline-reviewer	s003	a566f8a09ab136e64de775c0ea5333fd6b64f0a9077717852378b22a5c182b0d	graph	a566f8a09ab136e64de775c0ea5333fd6b64f0a9077717852378b22a5c182b0d	5	14	pending	migrate:t1-pilot 2026-08-22 (commit 해시는 검수 패키지 단계 ⑦에서 기입)
agent-discipline-reviewer	s004	eb9cb6022f4c72813bc2089d48793f7e0c1f1ec9f39ff97d106a0e9fff533239	graph	eb9cb6022f4c72813bc2089d48793f7e0c1f1ec9f39ff97d106a0e9fff533239	1	5	pending	migrate:t1-pilot 2026-08-22 (commit 해시는 검수 패키지 단계 ⑦에서 기입)
agent-discipline-reviewer	s005	3b8b4aedf37477db77df7578ae2253d2acd0ef062fec4bcb8c073b1ac442de27	graph	3b8b4aedf37477db77df7578ae2253d2acd0ef062fec4bcb8c073b1ac442de27	6	22	pending	migrate:t1-pilot 2026-08-22 (commit 해시는 검수 패키지 단계 ⑦에서 기입)
agent-discipline-reviewer	s006	b45a4c41534efe44d92f4dedcd20aba83652f012a73972ac2ed18cedd9f16640	graph	b45a4c41534efe44d92f4dedcd20aba83652f012a73972ac2ed18cedd9f16640	4	15	pending	migrate:t1-pilot 2026-08-22 (commit 해시는 검수 패키지 단계 ⑦에서 기입)
agent-discipline-reviewer	s007	5caff4ad3d274d161436ad55334a0f63e384e8be7a305bdff620fe518cce45e5	graph	5caff4ad3d274d161436ad55334a0f63e384e8be7a305bdff620fe518cce45e5	57	216	pending	migrate:t1-pilot 2026-08-22 (commit 해시는 검수 패키지 단계 ⑦에서 기입)
agent-discipline-reviewer	s008	f1a29062ca64e92f3dd1c6d935b5650c7530f10edfd7cd10c758415d9a512caf	graph	f1a29062ca64e92f3dd1c6d935b5650c7530f10edfd7cd10c758415d9a512caf	3	13	pending	migrate:t1-pilot 2026-08-22 (commit 해시는 검수 패키지 단계 ⑦에서 기입)
implementation-django-final	s003-1	b3254024012c4a70ed78bcb1a89f57fff93a482e62aca8d003b8479ad0451c82	graph	b3254024012c4a70ed78bcb1a89f57fff93a482e62aca8d003b8479ad0451c82	1	1	pending	migrate:t1-pilot 2026-08-22 (commit 해시는 검수 패키지 단계 ⑦에서 기입)
implementation-django-final	s004-1.1	4a8f8f03ccefbcb76b626cf5256b77c1da8786ad66689bdee85c052d1fdd3e21	graph	4a8f8f03ccefbcb76b626cf5256b77c1da8786ad66689bdee85c052d1fdd3e21	7	4	pending	migrate:t1-pilot 2026-08-22 (commit 해시는 검수 패키지 단계 ⑦에서 기입)
implementation-django-final	s005-1.2	b0ccf11bd50155744438d8fad8d4e94a6f57b895959d174b9ba24fae788856a8	graph	b0ccf11bd50155744438d8fad8d4e94a6f57b895959d174b9ba24fae788856a8	3	3	pending	migrate:t1-pilot 2026-08-22 (commit 해시는 검수 패키지 단계 ⑦에서 기입)
implementation-django-final	s006-1.3	d6190d22512efee1e135d7dfd6733f6b2749b411a33c1b26c074aa1c39b76623	graph	d6190d22512efee1e135d7dfd6733f6b2749b411a33c1b26c074aa1c39b76623	4	2	pending	migrate:t1-pilot 2026-08-22 (commit 해시는 검수 패키지 단계 ⑦에서 기입)
implementation-django-final	s007-1.4	f107172c2019cee67833bc9e884b36301dd099b7341577d8e91f3ccd38adb2be	graph	f107172c2019cee67833bc9e884b36301dd099b7341577d8e91f3ccd38adb2be	4	3	pending	migrate:t1-pilot 2026-08-22 (commit 해시는 검수 패키지 단계 ⑦에서 기입)
implementation-django-final	s008-1.5	0f5ae2b1a6f4a79592ac091f70ab04145aec5f7506dd3bc6a3ae2db5fb104e98	graph	0f5ae2b1a6f4a79592ac091f70ab04145aec5f7506dd3bc6a3ae2db5fb104e98	3	2	pending	migrate:t1-pilot 2026-08-22 (commit 해시는 검수 패키지 단계 ⑦에서 기입)
implementation-django-final	s009-1.6	451ea13fa93680202c520964e4a6de9ecb71d86aa57c3f4e137bae217f8472de	graph	451ea13fa93680202c520964e4a6de9ecb71d86aa57c3f4e137bae217f8472de	4	3	pending	migrate:t1-pilot 2026-08-22 (commit 해시는 검수 패키지 단계 ⑦에서 기입)
implementation-django-final	s011-2.1	aa00b51f10b1e9ba6273602f057309719ba5e96dc5e01b6ed13782111e2a3fe3	graph	aa00b51f10b1e9ba6273602f057309719ba5e96dc5e01b6ed13782111e2a3fe3	3	3	pending	migrate:t1-pilot 2026-08-22 (commit 해시는 검수 패키지 단계 ⑦에서 기입)
implementation-django-final	s012-2.2	7353c3364bab4ec1ba817d2ac06bf65473d01b471603e6efa63ac2580b53262e	graph	7353c3364bab4ec1ba817d2ac06bf65473d01b471603e6efa63ac2580b53262e	5	4	pending	migrate:t1-pilot 2026-08-22 (commit 해시는 검수 패키지 단계 ⑦에서 기입)
implementation-django-final	s013-2.3	6be1a3739748f17afdf22d93c76a8c4ad35cf3407e9c56eea4665409427e8998	graph	6be1a3739748f17afdf22d93c76a8c4ad35cf3407e9c56eea4665409427e8998	1	3	pending	migrate:t1-pilot 2026-08-22 (commit 해시는 검수 패키지 단계 ⑦에서 기입)
implementation-django-final	s014-2.4	5773d90c827bc7a880dd4c517ec4f0651962327234d49c6f45f7050c61038530	graph	5773d90c827bc7a880dd4c517ec4f0651962327234d49c6f45f7050c61038530	1	1	pending	migrate:t1-pilot 2026-08-22 (commit 해시는 검수 패키지 단계 ⑦에서 기입)
implementation-django-final	s015-2.5	2d4914e0a1a0e05a9b1827d08639d47667e626f33ce5595c534389532c82ce4a	graph	2d4914e0a1a0e05a9b1827d08639d47667e626f33ce5595c534389532c82ce4a	5	12	pending	migrate:t1-pilot 2026-08-22 (commit 해시는 검수 패키지 단계 ⑦에서 기입)
implementation-django-final	s016-2.6	0b5356f67daf71e77b1cedf1a503c6fd3f44ab02cfe3be4a01761464f895ab46	graph	0b5356f67daf71e77b1cedf1a503c6fd3f44ab02cfe3be4a01761464f895ab46	1	1	pending	migrate:t1-pilot 2026-08-22 (commit 해시는 검수 패키지 단계 ⑦에서 기입)
implementation-django-final	s017-2.7	1ef4512b26ff761d48a587557da399f44f41eaf148ef61d1f981e31bc76e4d4c	graph	1ef4512b26ff761d48a587557da399f44f41eaf148ef61d1f981e31bc76e4d4c	2	1	pending	migrate:t1-pilot 2026-08-22 (commit 해시는 검수 패키지 단계 ⑦에서 기입)
implementation-django-final	s019-3.1	3a6ebf24e65e306a2fee7b1ead4bdc104b3836548c45f536c129a2c9b8b676e2	graph	3a6ebf24e65e306a2fee7b1ead4bdc104b3836548c45f536c129a2c9b8b676e2	4	4	pending	migrate:t1-pilot 2026-08-22 (commit 해시는 검수 패키지 단계 ⑦에서 기입)
implementation-django-final	s020-3.2	40a39f3be4ac9aa74dc30fc69b0c0615599dcb0d23b09bb697d9c4cb4e6cd074	graph	40a39f3be4ac9aa74dc30fc69b0c0615599dcb0d23b09bb697d9c4cb4e6cd074	4	3	pending	migrate:t1-pilot 2026-08-22 (commit 해시는 검수 패키지 단계 ⑦에서 기입)
implementation-django-final	s021-3.3	7acb814b7c70f73e29350b10078c5d99bec44f934074103e71f839a184dc1de0	graph	7acb814b7c70f73e29350b10078c5d99bec44f934074103e71f839a184dc1de0	3	2	pending	migrate:t1-pilot 2026-08-22 (commit 해시는 검수 패키지 단계 ⑦에서 기입)
implementation-django-final	s022-3.4	847b1798d638659fd828eb1a218c2bf15f1d3174937149043a8c3153e12d8f2c	graph	847b1798d638659fd828eb1a218c2bf15f1d3174937149043a8c3153e12d8f2c	3	1	pending	migrate:t1-pilot 2026-08-22 (commit 해시는 검수 패키지 단계 ⑦에서 기입)
implementation-django-final	s024-4.1	3ca17d0a25a9db2472bc2764e00baadebad2290e9caf76a10fca779609e4b644	graph	3ca17d0a25a9db2472bc2764e00baadebad2290e9caf76a10fca779609e4b644	4	4	pending	migrate:t1-pilot 2026-08-22 (commit 해시는 검수 패키지 단계 ⑦에서 기입)
implementation-django-final	s026	6a78bf1546940889c95caf5a54518d4a6c336fd9a6e067e48d5aa6506382a968	graph	6a78bf1546940889c95caf5a54518d4a6c336fd9a6e067e48d5aa6506382a968	3	1	pending	migrate:t1-pilot 2026-08-22 (commit 해시는 검수 패키지 단계 ⑦에서 기입)
implementation-django-final	s027	b420b232e3f1c9af8735f97e485cc1713e1e8d3476e3269d320e8d6cf3496cf3	graph	b420b232e3f1c9af8735f97e485cc1713e1e8d3476e3269d320e8d6cf3496cf3	3	2	pending	migrate:t1-pilot 2026-08-22 (commit 해시는 검수 패키지 단계 ⑦에서 기입)
implementation-django-final	s029-4.3	920e84df246ee182cb00d62a880f6d829b04d754145e62823279d72f83a27864	graph	920e84df246ee182cb00d62a880f6d829b04d754145e62823279d72f83a27864	6	3	pending	migrate:t1-pilot 2026-08-22 (commit 해시는 검수 패키지 단계 ⑦에서 기입)
implementation-django-final	s030-4.4	910410a81b9ebafa93cfff7e18cd9a53402d73ece1cb778895a98c9eb3478618	graph	910410a81b9ebafa93cfff7e18cd9a53402d73ece1cb778895a98c9eb3478618	5	3	pending	migrate:t1-pilot 2026-08-22 (commit 해시는 검수 패키지 단계 ⑦에서 기입)
implementation-django-final	s032-5.1	a3fe3069dde2c24d9681415ba403674b1f12feb7ca9d9fe3a8c311e4ce170065	graph	a3fe3069dde2c24d9681415ba403674b1f12feb7ca9d9fe3a8c311e4ce170065	4	2	pending	migrate:t1-pilot 2026-08-22 (commit 해시는 검수 패키지 단계 ⑦에서 기입)
implementation-django-final	s033-5.2	f825498897cfaf1a82e0ca3938d74a4a906cb758f4d36d0df08425f403bca183	graph	f825498897cfaf1a82e0ca3938d74a4a906cb758f4d36d0df08425f403bca183	6	3	pending	migrate:t1-pilot 2026-08-22 (commit 해시는 검수 패키지 단계 ⑦에서 기입)
implementation-django-final	s034-5.3	8eec354720e574abf1688c021b1582ff41e47b2c0b7435049846e8139b58f651	graph	8eec354720e574abf1688c021b1582ff41e47b2c0b7435049846e8139b58f651	4	1	pending	migrate:t1-pilot 2026-08-22 (commit 해시는 검수 패키지 단계 ⑦에서 기입)
implementation-django-final	s035-5.4	269868d987830b030cd5026647b1cfa28d77aa3130e77765988594cca7abc455	graph	269868d987830b030cd5026647b1cfa28d77aa3130e77765988594cca7abc455	3	1	pending	migrate:t1-pilot 2026-08-22 (commit 해시는 검수 패키지 단계 ⑦에서 기입)
implementation-django-final	s036-5.5	9cdaec42f71ce38480766be368df8aa71a859eafcb7ff66a32eae9edd34b835b	graph	9cdaec42f71ce38480766be368df8aa71a859eafcb7ff66a32eae9edd34b835b	2	1	pending	migrate:t1-pilot 2026-08-22 (commit 해시는 검수 패키지 단계 ⑦에서 기입)
implementation-django-final	s037-6	43d5b0b6b8b364fd3bc67a15aa252998815b9a4d018d4c5161049c2b94697327	graph	43d5b0b6b8b364fd3bc67a15aa252998815b9a4d018d4c5161049c2b94697327	2	3	pending	migrate:t1-pilot 2026-08-22 (commit 해시는 검수 패키지 단계 ⑦에서 기입)
implementation-django-final	s038-7	c9bd86340c4c1a5a9994f72ba491f0f8fac3de9046234163165a50533854fd8e	graph	c9bd86340c4c1a5a9994f72ba491f0f8fac3de9046234163165a50533854fd8e	2	3	pending	migrate:t1-pilot 2026-08-22 (commit 해시는 검수 패키지 단계 ⑦에서 기입)
implementation-django-final	s039-8	aa3a86da23f449287ca14e5cbf7660bd21e3a9b7d0b4540003c0c4c0f66b58d5	graph	aa3a86da23f449287ca14e5cbf7660bd21e3a9b7d0b4540003c0c4c0f66b58d5	2	5	pending	migrate:t1-pilot 2026-08-22 (commit 해시는 검수 패키지 단계 ⑦에서 기입)
implementation-django-final	s040-8.1	9848b1e092f29601e0862ebadae9b02fecaed2134cd3ffa1252f50902f2df988	graph	9848b1e092f29601e0862ebadae9b02fecaed2134cd3ffa1252f50902f2df988	5	3	pending	migrate:t1-pilot 2026-08-22 (commit 해시는 검수 패키지 단계 ⑦에서 기입)
implementation-django-final	s041-8.2	b047b0f3872040860893029d4e45b6e9893d94190ee4541816178091746d06c7	graph	b047b0f3872040860893029d4e45b6e9893d94190ee4541816178091746d06c7	4	2	pending	migrate:t1-pilot 2026-08-22 (commit 해시는 검수 패키지 단계 ⑦에서 기입)
implementation-django-final	s042-8.3	fcda8994b178c3b46de8a323fa902a88740098a53972c79a745046edd0ee78e4	graph	fcda8994b178c3b46de8a323fa902a88740098a53972c79a745046edd0ee78e4	4	3	pending	migrate:t1-pilot 2026-08-22 (commit 해시는 검수 패키지 단계 ⑦에서 기입)
implementation-django-final	s043-8.4	c278c78644523727dc431d987324a0e59cf7432889ea5e0a50198c25fe127d95	graph	c278c78644523727dc431d987324a0e59cf7432889ea5e0a50198c25fe127d95	3	1	pending	migrate:t1-pilot 2026-08-22 (commit 해시는 검수 패키지 단계 ⑦에서 기입)
implementation-django-final	s044-8.5	e051b3c733c4131df94920c9ad916a6cd4197bbe64449d3c6537054a9b0796b1	graph	e051b3c733c4131df94920c9ad916a6cd4197bbe64449d3c6537054a9b0796b1	5	2	pending	migrate:t1-pilot 2026-08-22 (commit 해시는 검수 패키지 단계 ⑦에서 기입)
implementation-django-final	s045-9	3b10aedd996ca2ba323c0f5752920e249b713688bdffe3592b816c755c3f28de	graph	3b10aedd996ca2ba323c0f5752920e249b713688bdffe3592b816c755c3f28de	1	1	pending	migrate:t1-pilot 2026-08-22 (commit 해시는 검수 패키지 단계 ⑦에서 기입)
implementation-django-final	s046-9.1	f9d9dcb8318e669e3ef177022dd55f4862177af71e466cddd1a3294a87f09408	graph	f9d9dcb8318e669e3ef177022dd55f4862177af71e466cddd1a3294a87f09408	6	5	pending	migrate:t1-pilot 2026-08-22 (commit 해시는 검수 패키지 단계 ⑦에서 기입)
implementation-django-final	s047-9.2	7c118ee384e7c0f2a5ef145479a8fb802b820a424d0384ae7c04723aa98e6db5	graph	7c118ee384e7c0f2a5ef145479a8fb802b820a424d0384ae7c04723aa98e6db5	7	4	pending	migrate:t1-pilot 2026-08-22 (commit 해시는 검수 패키지 단계 ⑦에서 기입)
implementation-django-final	s049-10.1	111feeb383ffa148e0d616308910ab6d4804b2466aa3d5387a8db68061fcb55b	graph	111feeb383ffa148e0d616308910ab6d4804b2466aa3d5387a8db68061fcb55b	1	4	pending	migrate:t1-pilot 2026-08-22 (commit 해시는 검수 패키지 단계 ⑦에서 기입)
implementation-django-final	s050-10.2	4462562efc44bc6c3da9ad1cf355cbbba6ba1cb56d75fb8766d3891c3d4a58f4	graph	4462562efc44bc6c3da9ad1cf355cbbba6ba1cb56d75fb8766d3891c3d4a58f4	5	6	pending	migrate:t1-pilot 2026-08-22 (commit 해시는 검수 패키지 단계 ⑦에서 기입)
implementation-django-final	s051-10.3	5c9861daeb949dfa55e82c609979b5beb627d95ae42afe40aef3e6428eecd78c	graph	5c9861daeb949dfa55e82c609979b5beb627d95ae42afe40aef3e6428eecd78c	4	3	pending	migrate:t1-pilot 2026-08-22 (commit 해시는 검수 패키지 단계 ⑦에서 기입)
implementation-django-final	s052-10.4	f7180fee98f35c7a85ee0a36aad391c90dd1dc659784e174c54d974cc82f438b	graph	f7180fee98f35c7a85ee0a36aad391c90dd1dc659784e174c54d974cc82f438b	8	14	pending	migrate:t1-pilot 2026-08-22 (commit 해시는 검수 패키지 단계 ⑦에서 기입)
implementation-django-final	s054-11.1	e0d77968de667e83ac6b18f03897e696ea2ea1bb78d605c9a260ede9952d1ba1	graph	e0d77968de667e83ac6b18f03897e696ea2ea1bb78d605c9a260ede9952d1ba1	2	2	pending	migrate:t1-pilot 2026-08-22 (commit 해시는 검수 패키지 단계 ⑦에서 기입)
implementation-django-final	s055-11.2	f2399317b9a44548f507b952a91bc5110349006d09c085d5eef7f413d983b546	graph	f2399317b9a44548f507b952a91bc5110349006d09c085d5eef7f413d983b546	5	3	pending	migrate:t1-pilot 2026-08-22 (commit 해시는 검수 패키지 단계 ⑦에서 기입)
implementation-django-final	s056-11.3	04262467bbf500c6333052a54bcc43d169ed3433347d7824b18f073c6e83f61e	graph	04262467bbf500c6333052a54bcc43d169ed3433347d7824b18f073c6e83f61e	2	1	pending	migrate:t1-pilot 2026-08-22 (commit 해시는 검수 패키지 단계 ⑦에서 기입)
implementation-django-final	s057-11.4	8718700470685b097b554880e1150f5be64ea517310fa6e7ae23b35cda535c5b	graph	8718700470685b097b554880e1150f5be64ea517310fa6e7ae23b35cda535c5b	2	2	pending	migrate:t1-pilot 2026-08-22 (commit 해시는 검수 패키지 단계 ⑦에서 기입)
implementation-django-final	s060-12.2	06c7909cfcf7b7f2fea2f8baa68fb417bb431b2236b7fbcf02839e0719970dbe	graph	06c7909cfcf7b7f2fea2f8baa68fb417bb431b2236b7fbcf02839e0719970dbe	5	2	pending	migrate:t1-pilot 2026-08-22 (commit 해시는 검수 패키지 단계 ⑦에서 기입)
implementation-django-final	s062-13.1	1b8f05f242e5cfa51ee4212ea8cea1866e25224661b411e8105300cbfbdb8c32	graph	1b8f05f242e5cfa51ee4212ea8cea1866e25224661b411e8105300cbfbdb8c32	6	4	pending	migrate:t1-pilot 2026-08-22 (commit 해시는 검수 패키지 단계 ⑦에서 기입)
implementation-django-final	s063-13.2	470a85c7d8721c254fd9dbd2a95be1a9021122d46bf9da99cefa115e8f7fc3e8	graph	470a85c7d8721c254fd9dbd2a95be1a9021122d46bf9da99cefa115e8f7fc3e8	1	3	pending	migrate:t1-pilot 2026-08-22 (commit 해시는 검수 패키지 단계 ⑦에서 기입)
implementation-django-final	s064-13.3	dbc54227d599c3a432993b45bccb542c875a784f3439dc1cf0bbd0bb50c4eb69	graph	dbc54227d599c3a432993b45bccb542c875a784f3439dc1cf0bbd0bb50c4eb69	1	2	pending	migrate:t1-pilot 2026-08-22 (commit 해시는 검수 패키지 단계 ⑦에서 기입)
implementation-django-final	s066-14	1eec7958656d1176a14c0fd2983879f1187d65b7e59ece062e5efec7c5f01af8	graph	1eec7958656d1176a14c0fd2983879f1187d65b7e59ece062e5efec7c5f01af8	1	3	pending	migrate:t1-pilot 2026-08-22 (commit 해시는 검수 패키지 단계 ⑦에서 기입)
implementation-django-final	s067-14.1	d03987913bafdc633c2394e8627291c4e5e7ecb1062d110d7215894c5aa0c60f	graph	d03987913bafdc633c2394e8627291c4e5e7ecb1062d110d7215894c5aa0c60f	3	3	pending	migrate:t1-pilot 2026-08-22 (commit 해시는 검수 패키지 단계 ⑦에서 기입)
implementation-django-final	s069-14.3	df469accf49fe724e733f9d0c3038ace194743243f1d712bb40704f5843c0be6	graph	df469accf49fe724e733f9d0c3038ace194743243f1d712bb40704f5843c0be6	4	1	pending	migrate:t1-pilot 2026-08-22 (commit 해시는 검수 패키지 단계 ⑦에서 기입)
implementation-django-final	s070-14.4	66cd4fecf7f40367123707e84942e19e5789977b911ff0ebc74bd8bb84f38086	graph	66cd4fecf7f40367123707e84942e19e5789977b911ff0ebc74bd8bb84f38086	2	3	pending	migrate:t1-pilot 2026-08-22 (commit 해시는 검수 패키지 단계 ⑦에서 기입)
implementation-django-final	s072-15.1	9819bd3d065a1bad749d7000b6309fcda0176ff98169035ef78885e8282afc6f	graph	9819bd3d065a1bad749d7000b6309fcda0176ff98169035ef78885e8282afc6f	3	1	pending	migrate:t1-pilot 2026-08-22 (commit 해시는 검수 패키지 단계 ⑦에서 기입)
implementation-django-final	s073-15.2	b460f9625ff6c88bb64bfce56537965c0af5636c61df0e115e0e1b2f0199647d	graph	b460f9625ff6c88bb64bfce56537965c0af5636c61df0e115e0e1b2f0199647d	5	2	pending	migrate:t1-pilot 2026-08-22 (commit 해시는 검수 패키지 단계 ⑦에서 기입)
implementation-django-final	s075-16.1	701571f8e6f115958cd2760f3064e9c640263c7b27f3f40341a2dca44c0d054d	graph	701571f8e6f115958cd2760f3064e9c640263c7b27f3f40341a2dca44c0d054d	7	8	pending	migrate:t1-pilot 2026-08-22 (commit 해시는 검수 패키지 단계 ⑦에서 기입)
implementation-django-final	s076-16.2	39aa46b3aeab7469d2278b3c0a3e16fb3d948adaaae605334b7fd19a8d24507e	graph	39aa46b3aeab7469d2278b3c0a3e16fb3d948adaaae605334b7fd19a8d24507e	5	4	pending	migrate:t1-pilot 2026-08-22 (commit 해시는 검수 패키지 단계 ⑦에서 기입)
implementation-django-final	s077-16.3	af73f1f2b59f350579d871e3efa69b7322aa09bfb0e7b137dfc48e27082d5517	graph	af73f1f2b59f350579d871e3efa69b7322aa09bfb0e7b137dfc48e27082d5517	5	2	pending	migrate:t1-pilot 2026-08-22 (commit 해시는 검수 패키지 단계 ⑦에서 기입)
implementation-django-final	s078-16.4	5077b16043a2e9cb76f99c11510137069b0507973aa88d4e49fd2386c5237d35	graph	5077b16043a2e9cb76f99c11510137069b0507973aa88d4e49fd2386c5237d35	18	28	pending	migrate:t1-pilot 2026-08-22 (commit 해시는 검수 패키지 단계 ⑦에서 기입)
implementation-django-final	s079-16.5	8813953b584a344acb93ac44772d59ef70f341c70bade4e0ea93487fcb67d579	graph	8813953b584a344acb93ac44772d59ef70f341c70bade4e0ea93487fcb67d579	8	11	pending	migrate:t1-pilot 2026-08-22 (commit 해시는 검수 패키지 단계 ⑦에서 기입)
implementation-django-final	s087	8f332e86eb740e666e7481942c4e781b187883fc1d3ee1bf50cdd2d6cce019e9	graph	8f332e86eb740e666e7481942c4e781b187883fc1d3ee1bf50cdd2d6cce019e9	4	2	pending	migrate:t1-pilot 2026-08-22 (commit 해시는 검수 패키지 단계 ⑦에서 기입)
discipline-cleancode-final	s005-1.2	7ebf0edd0b1fc7038a6117b0f7ed3cce85253f4d4e82688219ac8267c827efdb	graph	7ebf0edd0b1fc7038a6117b0f7ed3cce85253f4d4e82688219ac8267c827efdb	4	3	pending	migrate:t1-pilot 2026-08-22 (commit 해시는 검수 패키지 단계 ⑦에서 기입)
discipline-cleancode-final	s006-1.3	b703b594204de4b15cf28f78cc95b55f711a3b95d24f002cb062aeda0e0eafe8	graph	b703b594204de4b15cf28f78cc95b55f711a3b95d24f002cb062aeda0e0eafe8	4	1	pending	migrate:t1-pilot 2026-08-22 (commit 해시는 검수 패키지 단계 ⑦에서 기입)
discipline-cleancode-final	s011-1.6	e7638dfb2ef38b49937a1b82ca6b4617329c9b8e8f95a49da7e23eb3514cf4e1	graph	e7638dfb2ef38b49937a1b82ca6b4617329c9b8e8f95a49da7e23eb3514cf4e1	2	1	pending	migrate:t1-pilot 2026-08-22 (commit 해시는 검수 패키지 단계 ⑦에서 기입)
discipline-cleancode-final	s013-2.1	ca0daa32cab3bbdf62f7d658c4d546ae2d89d300339ca0ac49e35229a11fe4cf	graph	ca0daa32cab3bbdf62f7d658c4d546ae2d89d300339ca0ac49e35229a11fe4cf	2	1	pending	migrate:t1-pilot 2026-08-22 (commit 해시는 검수 패키지 단계 ⑦에서 기입)
discipline-cleancode-final	s014-2.2	4d4895dba700bcee8520fefe84a3de4e726680b1e26356f598949586d81ae13c	graph	4d4895dba700bcee8520fefe84a3de4e726680b1e26356f598949586d81ae13c	2	1	pending	migrate:t1-pilot 2026-08-22 (commit 해시는 검수 패키지 단계 ⑦에서 기입)
discipline-cleancode-final	s015-2.3	53e86619f9001580d522ba895985a75bcbf817acb064a42e10ab20b4b82630cb	graph	53e86619f9001580d522ba895985a75bcbf817acb064a42e10ab20b4b82630cb	2	1	pending	migrate:t1-pilot 2026-08-22 (commit 해시는 검수 패키지 단계 ⑦에서 기입)
discipline-cleancode-final	s016-2.4	473ec22cd88f984c2e0531075a94844cb81ed9e7c5d5fff34df4f01ec2b29642	graph	473ec22cd88f984c2e0531075a94844cb81ed9e7c5d5fff34df4f01ec2b29642	3	3	pending	migrate:t1-pilot 2026-08-22 (commit 해시는 검수 패키지 단계 ⑦에서 기입)
discipline-cleancode-final	s017-2.5	0a5ce960559ac5b71d9e3970294b126eb7b63324de69f1494d095a5420f90b4a	graph	0a5ce960559ac5b71d9e3970294b126eb7b63324de69f1494d095a5420f90b4a	2	1	pending	migrate:t1-pilot 2026-08-22 (commit 해시는 검수 패키지 단계 ⑦에서 기입)
discipline-cleancode-final	s018-2.6	3626364b856868c03585ad4eba2c996191b780951425dc28df3ddc05558b8111	graph	3626364b856868c03585ad4eba2c996191b780951425dc28df3ddc05558b8111	1	1	pending	migrate:t1-pilot 2026-08-22 (commit 해시는 검수 패키지 단계 ⑦에서 기입)
discipline-cleancode-final	s019-2.7	070f247ff5e157c5352aaf2d684aaec6401b7a4a728a8bcc2e76c3d153b9e061	graph	070f247ff5e157c5352aaf2d684aaec6401b7a4a728a8bcc2e76c3d153b9e061	2	1	pending	migrate:t1-pilot 2026-08-22 (commit 해시는 검수 패키지 단계 ⑦에서 기입)
discipline-cleancode-final	s020-2.8	601fcaa8a41e5865fc0f622069bfb1a02255399ba9b630a4d86ab8c99eccbb16	graph	601fcaa8a41e5865fc0f622069bfb1a02255399ba9b630a4d86ab8c99eccbb16	2	1	pending	migrate:t1-pilot 2026-08-22 (commit 해시는 검수 패키지 단계 ⑦에서 기입)
discipline-cleancode-final	s021-2.9	53444f5fab4fc36c3d031937d9110b84c3f5436823557385ee96bad38f852d2f	graph	53444f5fab4fc36c3d031937d9110b84c3f5436823557385ee96bad38f852d2f	2	1	pending	migrate:t1-pilot 2026-08-22 (commit 해시는 검수 패키지 단계 ⑦에서 기입)
discipline-cleancode-final	s022-2.10	8c6be510b63993d8f92ffe6048eb807cae0fb5396bfdd0f7f02f4928c130ccf5	graph	8c6be510b63993d8f92ffe6048eb807cae0fb5396bfdd0f7f02f4928c130ccf5	2	1	pending	migrate:t1-pilot 2026-08-22 (commit 해시는 검수 패키지 단계 ⑦에서 기입)
discipline-cleancode-final	s023-2.11	020894cccc0da426cbb4064aab131ae64b1dbfca5941d9bf379f7a43ace4ec22	graph	020894cccc0da426cbb4064aab131ae64b1dbfca5941d9bf379f7a43ace4ec22	2	1	pending	migrate:t1-pilot 2026-08-22 (commit 해시는 검수 패키지 단계 ⑦에서 기입)
discipline-cleancode-final	s024-2.12	78b58bc961fcb35e06152266373b7ada0429f7654ae7349463ee5cc46b15044c	graph	78b58bc961fcb35e06152266373b7ada0429f7654ae7349463ee5cc46b15044c	1	1	pending	migrate:t1-pilot 2026-08-22 (commit 해시는 검수 패키지 단계 ⑦에서 기입)
discipline-cleancode-final	s025-2.13	540fad3f1e01dca693be9675a53f39778e9a7272c61b242cae190f5410f5f5e7	graph	540fad3f1e01dca693be9675a53f39778e9a7272c61b242cae190f5410f5f5e7	1	1	pending	migrate:t1-pilot 2026-08-22 (commit 해시는 검수 패키지 단계 ⑦에서 기입)
discipline-cleancode-final	s026-2.14	421a459edc07d1c221afaa014440ff90b18db0186a36aa1f5ea1b655bffd2932	graph	421a459edc07d1c221afaa014440ff90b18db0186a36aa1f5ea1b655bffd2932	15	27	pending	migrate:t1-pilot 2026-08-22 (commit 해시는 검수 패키지 단계 ⑦에서 기입)
discipline-cleancode-final	s028-3.1	be45b0249e106f1a4b8431cc2c3c75388f883320d5fd4d7637c12c4db88d135d	graph	be45b0249e106f1a4b8431cc2c3c75388f883320d5fd4d7637c12c4db88d135d	5	3	pending	migrate:t1-pilot 2026-08-22 (commit 해시는 검수 패키지 단계 ⑦에서 기입)
discipline-cleancode-final	s029-3.2	acec70a2fc8b6ad69636854bc50009782bd7b75fd60ed61594645ac890adb8dd	graph	acec70a2fc8b6ad69636854bc50009782bd7b75fd60ed61594645ac890adb8dd	2	2	pending	migrate:t1-pilot 2026-08-22 (commit 해시는 검수 패키지 단계 ⑦에서 기입)
discipline-cleancode-final	s030-3.3	03f8bd18279364e1ad2f14925b294a979dd94e15f9632b01b801fde01e3c21f0	graph	03f8bd18279364e1ad2f14925b294a979dd94e15f9632b01b801fde01e3c21f0	2	1	pending	migrate:t1-pilot 2026-08-22 (commit 해시는 검수 패키지 단계 ⑦에서 기입)
discipline-cleancode-final	s031-3.4	f77b2886e55daff64e494d6c462201f7c163784e1f9f177cdf8342721eb3b461	graph	f77b2886e55daff64e494d6c462201f7c163784e1f9f177cdf8342721eb3b461	2	2	pending	migrate:t1-pilot 2026-08-22 (commit 해시는 검수 패키지 단계 ⑦에서 기입)
discipline-cleancode-final	s032-3.5	7a6e330a19763738ef7c5d8b063dc8a12b1d721223b8c4350cd73995337430ba	graph	7a6e330a19763738ef7c5d8b063dc8a12b1d721223b8c4350cd73995337430ba	2	1	pending	migrate:t1-pilot 2026-08-22 (commit 해시는 검수 패키지 단계 ⑦에서 기입)
discipline-cleancode-final	s033-3.6	154a722020fb412274c65630768974d2832b6de14ab294e7cbddb382125ca00b	graph	154a722020fb412274c65630768974d2832b6de14ab294e7cbddb382125ca00b	2	1	pending	migrate:t1-pilot 2026-08-22 (commit 해시는 검수 패키지 단계 ⑦에서 기입)
discipline-cleancode-final	s034-3.7	ffabba48547f600f1c7610a6bbb80f161cac8195aa9339db18cbbbd47854b9dc	graph	ffabba48547f600f1c7610a6bbb80f161cac8195aa9339db18cbbbd47854b9dc	2	1	pending	migrate:t1-pilot 2026-08-22 (commit 해시는 검수 패키지 단계 ⑦에서 기입)
discipline-cleancode-final	s035-3.8	52a7e35ec47c8bc96ce6ad41116f1120788d6879fe098b18793a36bb0ff819b0	graph	52a7e35ec47c8bc96ce6ad41116f1120788d6879fe098b18793a36bb0ff819b0	2	1	pending	migrate:t1-pilot 2026-08-22 (commit 해시는 검수 패키지 단계 ⑦에서 기입)
discipline-cleancode-final	s038	56120fb60baad6cca9c29a4e62a84c9b873c4bd1590381dea79036bfa97aa463	graph	56120fb60baad6cca9c29a4e62a84c9b873c4bd1590381dea79036bfa97aa463	3	1	pending	migrate:t1-pilot 2026-08-22 (commit 해시는 검수 패키지 단계 ⑦에서 기입)
discipline-cleancode-final	s039-4	9af2840763a5ba742dd468bcc5002bfa417251fda3bd1b696b3d575ba9d3a9a6	graph	9af2840763a5ba742dd468bcc5002bfa417251fda3bd1b696b3d575ba9d3a9a6	1	1	pending	migrate:t1-pilot 2026-08-22 (commit 해시는 검수 패키지 단계 ⑦에서 기입)
discipline-cleancode-final	s040-4.1	ab21aa142441c21f02a3f969a6a1310d1735ba14450edb3179050a487e8f9a9a	graph	ab21aa142441c21f02a3f969a6a1310d1735ba14450edb3179050a487e8f9a9a	3	2	pending	migrate:t1-pilot 2026-08-22 (commit 해시는 검수 패키지 단계 ⑦에서 기입)
discipline-cleancode-final	s041-4.2	6dbd169e482f691a253fdf7248d215f7f80c38427e4827f77baddd68ad50d216	graph	6dbd169e482f691a253fdf7248d215f7f80c38427e4827f77baddd68ad50d216	5	4	pending	migrate:t1-pilot 2026-08-22 (commit 해시는 검수 패키지 단계 ⑦에서 기입)
discipline-cleancode-final	s042-4.3	71b91446be46cce0888e2b83bc17cec152ce06ef4e3e4ee149f68b4e7ab73fe6	graph	71b91446be46cce0888e2b83bc17cec152ce06ef4e3e4ee149f68b4e7ab73fe6	5	3	pending	migrate:t1-pilot 2026-08-22 (commit 해시는 검수 패키지 단계 ⑦에서 기입)
discipline-cleancode-final	s043-4.4	316ad94f5eb14b201fc781fb415216acc5444f0a8130ae16baabfb0cd2b54164	graph	316ad94f5eb14b201fc781fb415216acc5444f0a8130ae16baabfb0cd2b54164	5	1	pending	migrate:t1-pilot 2026-08-22 (commit 해시는 검수 패키지 단계 ⑦에서 기입)
discipline-cleancode-final	s044-4.5	4ddce8104c7d54d80d40be3c57b95825ea13edc171e9c5d3ffbc70e51e642944	graph	4ddce8104c7d54d80d40be3c57b95825ea13edc171e9c5d3ffbc70e51e642944	5	1	pending	migrate:t1-pilot 2026-08-22 (commit 해시는 검수 패키지 단계 ⑦에서 기입)
discipline-cleancode-final	s045-4.6	6519863de2596d827ef29a251e4ce5f0279b73de92482474beebcaa313f364ce	graph	6519863de2596d827ef29a251e4ce5f0279b73de92482474beebcaa313f364ce	2	2	pending	migrate:t1-pilot 2026-08-22 (commit 해시는 검수 패키지 단계 ⑦에서 기입)
discipline-cleancode-final	s046-4.7	aad603ff3fbd544d1e433af04acd4a5ae23bfdfa8e17f2bd9d394966c14abdf1	graph	aad603ff3fbd544d1e433af04acd4a5ae23bfdfa8e17f2bd9d394966c14abdf1	2	2	pending	migrate:t1-pilot 2026-08-22 (commit 해시는 검수 패키지 단계 ⑦에서 기입)
discipline-cleancode-final	s049-5.2	2a4433c525c6166399210382f18b96904997e773a24d8adb02080b03fbaf7f58	graph	2a4433c525c6166399210382f18b96904997e773a24d8adb02080b03fbaf7f58	2	1	pending	migrate:t1-pilot 2026-08-22 (commit 해시는 검수 패키지 단계 ⑦에서 기입)
discipline-cleancode-final	s051-5.4	864ecd414f5edd51ac892d906f3fe9a81ede63144e05b898a43f0a453b1deb5d	graph	864ecd414f5edd51ac892d906f3fe9a81ede63144e05b898a43f0a453b1deb5d	2	2	pending	migrate:t1-pilot 2026-08-22 (commit 해시는 검수 패키지 단계 ⑦에서 기입)
discipline-cleancode-final	s054-6.2	e75c3554e68a300f154d32497e691781d875bf52df2c661d4776a24926ab1ae1	graph	e75c3554e68a300f154d32497e691781d875bf52df2c661d4776a24926ab1ae1	2	1	pending	migrate:t1-pilot 2026-08-22 (commit 해시는 검수 패키지 단계 ⑦에서 기입)
discipline-cleancode-final	s055-6.3	c0263c39d888c239388b2ae43e911d09445755be56beacde704b56bce582b742	graph	c0263c39d888c239388b2ae43e911d09445755be56beacde704b56bce582b742	3	1	pending	migrate:t1-pilot 2026-08-22 (commit 해시는 검수 패키지 단계 ⑦에서 기입)
discipline-cleancode-final	s056-6.4	7c78d73d46a56aadb566de9d606e4be54f90e89f4599a35cf4b0f91f81e5b0b5	graph	7c78d73d46a56aadb566de9d606e4be54f90e89f4599a35cf4b0f91f81e5b0b5	2	1	pending	migrate:t1-pilot 2026-08-22 (commit 해시는 검수 패키지 단계 ⑦에서 기입)
discipline-cleancode-final	s057-6.5	6235cd4727e4b2e483c11d8f616ea7addbb9485d42945728a1840c2703114d2e	graph	6235cd4727e4b2e483c11d8f616ea7addbb9485d42945728a1840c2703114d2e	3	1	pending	migrate:t1-pilot 2026-08-22 (commit 해시는 검수 패키지 단계 ⑦에서 기입)
discipline-cleancode-final	s063-8.1	ac4bb2b1f19c20b4355a14a0210fab10071a327b11022435b1913c599a5eabd3	graph	ac4bb2b1f19c20b4355a14a0210fab10071a327b11022435b1913c599a5eabd3	3	1	pending	migrate:t1-pilot 2026-08-22 (commit 해시는 검수 패키지 단계 ⑦에서 기입)
discipline-cleancode-final	s064-8.2	b00a5b0053ce819df9143276ede91ee2e81f7da016b059209dde34d641ec7fc4	graph	b00a5b0053ce819df9143276ede91ee2e81f7da016b059209dde34d641ec7fc4	2	1	pending	migrate:t1-pilot 2026-08-22 (commit 해시는 검수 패키지 단계 ⑦에서 기입)
discipline-cleancode-final	s065-8.3	5c0c2cd661e3e77b7f086913d76f5ffcc66aaca69fc7af584f0b6c5ea2d2e7fe	graph	5c0c2cd661e3e77b7f086913d76f5ffcc66aaca69fc7af584f0b6c5ea2d2e7fe	2	1	pending	migrate:t1-pilot 2026-08-22 (commit 해시는 검수 패키지 단계 ⑦에서 기입)
discipline-cleancode-final	s066-8.4	6cefc8b772ab07a09e0e94df771eaf4aa2d10656f728fb8506cd7329187fcf83	graph	6cefc8b772ab07a09e0e94df771eaf4aa2d10656f728fb8506cd7329187fcf83	2	1	pending	migrate:t1-pilot 2026-08-22 (commit 해시는 검수 패키지 단계 ⑦에서 기입)
discipline-cleancode-final	s067-8.5	8cd1b6fd4f79f1b775caa934adb6a5a0712daf383a0282e806f7b01d615c46d6	graph	8cd1b6fd4f79f1b775caa934adb6a5a0712daf383a0282e806f7b01d615c46d6	2	1	pending	migrate:t1-pilot 2026-08-22 (commit 해시는 검수 패키지 단계 ⑦에서 기입)
discipline-cleancode-final	s068-8.6	23a192312ab0fb16d3390c57303cb8885a180b59302d95ccff02d72aadb91f20	graph	23a192312ab0fb16d3390c57303cb8885a180b59302d95ccff02d72aadb91f20	3	1	pending	migrate:t1-pilot 2026-08-22 (commit 해시는 검수 패키지 단계 ⑦에서 기입)
discipline-cleancode-final	s070-9.1	b56609663c9d275dcb7cad744d87d1415b530bebd01cb8d45cb5f997c49664c9	graph	b56609663c9d275dcb7cad744d87d1415b530bebd01cb8d45cb5f997c49664c9	3	2	pending	migrate:t1-pilot 2026-08-22 (commit 해시는 검수 패키지 단계 ⑦에서 기입)
discipline-cleancode-final	s071	6e7ed4ebf762096e3b0f14ea32f80a75e013d090deb2cffe9adcf6438733aa25	graph	6e7ed4ebf762096e3b0f14ea32f80a75e013d090deb2cffe9adcf6438733aa25	9	4	pending	migrate:t1-pilot 2026-08-22 (commit 해시는 검수 패키지 단계 ⑦에서 기입)
discipline-cleancode-final	s072-9.2	b13cfc8e3a1bf6a74e794dd7c19b7a1c236490501f8e77afb05ebd5912227378	graph	b13cfc8e3a1bf6a74e794dd7c19b7a1c236490501f8e77afb05ebd5912227378	2	2	pending	migrate:t1-pilot 2026-08-22 (commit 해시는 검수 패키지 단계 ⑦에서 기입)
discipline-cleancode-final	s073-9.3	9a02f54924d9d27647c08012307ffba928d5cd5efe3c69ad68d71d58b1df61f0	graph	9a02f54924d9d27647c08012307ffba928d5cd5efe3c69ad68d71d58b1df61f0	2	2	pending	migrate:t1-pilot 2026-08-22 (commit 해시는 검수 패키지 단계 ⑦에서 기입)
discipline-cleancode-final	s074-9.4	a671854985c2951d8d4234b954d98e041c4991f1f162f4e158895b8671e4c469	graph	a671854985c2951d8d4234b954d98e041c4991f1f162f4e158895b8671e4c469	2	2	pending	migrate:t1-pilot 2026-08-22 (commit 해시는 검수 패키지 단계 ⑦에서 기입)
discipline-cleancode-final	s075-9.5	ccc7eb00ff1503a894b4888132588a5418d454ae93dcc5a1a5101ec02df24a7a	graph	ccc7eb00ff1503a894b4888132588a5418d454ae93dcc5a1a5101ec02df24a7a	4	2	pending	migrate:t1-pilot 2026-08-22 (commit 해시는 검수 패키지 단계 ⑦에서 기입)
discipline-cleancode-final	s078-10.2	5498c28e6259e432f55b3c98b59e82448b3e16b60af9a0bd9c239f2b70f40718	graph	5498c28e6259e432f55b3c98b59e82448b3e16b60af9a0bd9c239f2b70f40718	2	1	pending	migrate:t1-pilot 2026-08-22 (commit 해시는 검수 패키지 단계 ⑦에서 기입)
discipline-cleancode-final	s080-10.4	34b163a7e72c4e7822ae5938e43a13836344e857cedf0f800cd5642a3f4163aa	graph	34b163a7e72c4e7822ae5938e43a13836344e857cedf0f800cd5642a3f4163aa	2	1	pending	migrate:t1-pilot 2026-08-22 (commit 해시는 검수 패키지 단계 ⑦에서 기입)
discipline-cleancode-final	s084-10.8	be6b05c256b03487e595de08ee9019fa88abc60df9885f99187cd6f55fa4b1f7	graph	be6b05c256b03487e595de08ee9019fa88abc60df9885f99187cd6f55fa4b1f7	4	3	pending	migrate:t1-pilot 2026-08-22 (commit 해시는 검수 패키지 단계 ⑦에서 기입)
discipline-cleancode-final	s086-11.1	2b601cb196b8170ce93d07e2fe6d91d31e35ba36639e57521d1191db29ea7416	graph	2b601cb196b8170ce93d07e2fe6d91d31e35ba36639e57521d1191db29ea7416	3	3	pending	migrate:t1-pilot 2026-08-22 (commit 해시는 검수 패키지 단계 ⑦에서 기입)
discipline-cleancode-final	s087-11.2	2fe11bc1ef367ef7292ad63341423be9ed80c00bd6738e6f221abfb5d596570e	graph	2fe11bc1ef367ef7292ad63341423be9ed80c00bd6738e6f221abfb5d596570e	2	2	pending	migrate:t1-pilot 2026-08-22 (commit 해시는 검수 패키지 단계 ⑦에서 기입)
discipline-cleancode-final	s088-11.3	5f7387e775f732633623855d87aa13f372c2f1473b5577baf925b318a6f9ff22	graph	5f7387e775f732633623855d87aa13f372c2f1473b5577baf925b318a6f9ff22	2	1	pending	migrate:t1-pilot 2026-08-22 (commit 해시는 검수 패키지 단계 ⑦에서 기입)
discipline-cleancode-final	s089-11.4	7285c2f1e941a9289a281f7c90d14adc285f39aeed1a7c2c1340599f06e7a17a	graph	7285c2f1e941a9289a281f7c90d14adc285f39aeed1a7c2c1340599f06e7a17a	4	3	pending	migrate:t1-pilot 2026-08-22 (commit 해시는 검수 패키지 단계 ⑦에서 기입)
discipline-cleancode-final	s090-12	883534592bb380d327c803d0b55bb9147630632e00012be5e7152eb58f743440	graph	883534592bb380d327c803d0b55bb9147630632e00012be5e7152eb58f743440	1	3	pending	migrate:t1-pilot 2026-08-22 (commit 해시는 검수 패키지 단계 ⑦에서 기입)
discipline-cleancode-final	s091-12.1	66f84c7f6f58ebb40e471e27c2c2979b4ce780294dbacd8cdb0a4b33035e98a9	graph	66f84c7f6f58ebb40e471e27c2c2979b4ce780294dbacd8cdb0a4b33035e98a9	2	1	pending	migrate:t1-pilot 2026-08-22 (commit 해시는 검수 패키지 단계 ⑦에서 기입)
discipline-cleancode-final	s092-12.2	110cef04d40e771333106ed5bf630385c10ca23a79191fb67b3119d0d3e88551	graph	110cef04d40e771333106ed5bf630385c10ca23a79191fb67b3119d0d3e88551	3	4	pending	migrate:t1-pilot 2026-08-22 (commit 해시는 검수 패키지 단계 ⑦에서 기입)
discipline-cleancode-final	s093-12.3	18db44a9ae513a8610999b6e8fb7d183592a8371c2ded3bef68f1d00fe42e456	graph	18db44a9ae513a8610999b6e8fb7d183592a8371c2ded3bef68f1d00fe42e456	3	7	pending	migrate:t1-pilot 2026-08-22 (commit 해시는 검수 패키지 단계 ⑦에서 기입)
discipline-cleancode-final	s094-12.4	b4e4ddd78e1a9f5abca2fa6091c5c93b3e6944e61523155900880eb191068462	graph	b4e4ddd78e1a9f5abca2fa6091c5c93b3e6944e61523155900880eb191068462	1	2	pending	migrate:t1-pilot 2026-08-22 (commit 해시는 검수 패키지 단계 ⑦에서 기입)
discipline-cleancode-final	s095-12.5	2fbb370fdf3c39267ff81fd20877558e4b4b282c0100ee4443a7f8d38d15c008	graph	2fbb370fdf3c39267ff81fd20877558e4b4b282c0100ee4443a7f8d38d15c008	2	1	pending	migrate:t1-pilot 2026-08-22 (commit 해시는 검수 패키지 단계 ⑦에서 기입)
discipline-cleancode-final	s096-12.6	8d0fc0c0e0e81112b06a725a54e5541ca91debff7c231de593b43894e2ddf490	graph	8d0fc0c0e0e81112b06a725a54e5541ca91debff7c231de593b43894e2ddf490	2	1	pending	migrate:t1-pilot 2026-08-22 (commit 해시는 검수 패키지 단계 ⑦에서 기입)
discipline-cleancode-final	s097-12.7	c800e027f550e4b71edae6711ac38c10cea243c713fbc11b35c9f0c8332541fe	graph	c800e027f550e4b71edae6711ac38c10cea243c713fbc11b35c9f0c8332541fe	1	4	pending	migrate:t1-pilot 2026-08-22 (commit 해시는 검수 패키지 단계 ⑦에서 기입)
discipline-cleancode-final	s098	48beba3f80058f5111771bf2421050de2a1cc794f795c82f8e29e8e20e7b7cac	graph	48beba3f80058f5111771bf2421050de2a1cc794f795c82f8e29e8e20e7b7cac	6	3	pending	migrate:t1-pilot 2026-08-22 (commit 해시는 검수 패키지 단계 ⑦에서 기입)
discipline-cleancode-final	s101-13.1	953df11e244024b75222c38da66cb12271512a480918cb92af695f1c7f5ea8ad	graph	953df11e244024b75222c38da66cb12271512a480918cb92af695f1c7f5ea8ad	4	4	pending	migrate:t1-pilot 2026-08-22 (commit 해시는 검수 패키지 단계 ⑦에서 기입)
discipline-cleancode-final	s103-13.3	664e30c0ab75993333c9d0c797d71b46a985cf30e6881ef5c28976293e833399	graph	664e30c0ab75993333c9d0c797d71b46a985cf30e6881ef5c28976293e833399	2	1	pending	migrate:t1-pilot 2026-08-22 (commit 해시는 검수 패키지 단계 ⑦에서 기입)
discipline-cleancode-final	s106-14.2	27ddef7bfa1cdf6a95d32b25652388c6a6e66b6a97d17140bd926ef4f45d5150	graph	27ddef7bfa1cdf6a95d32b25652388c6a6e66b6a97d17140bd926ef4f45d5150	2	2	pending	migrate:t1-pilot 2026-08-22 (commit 해시는 검수 패키지 단계 ⑦에서 기입)
discipline-cleancode-final	s107-14.3	1340e56dfacf8718e4afef123353771bc024c41dec7f4836659f3a15f7bbb89d	graph	1340e56dfacf8718e4afef123353771bc024c41dec7f4836659f3a15f7bbb89d	3	2	pending	migrate:t1-pilot 2026-08-22 (commit 해시는 검수 패키지 단계 ⑦에서 기입)
discipline-cleancode-final	s108-14.4	0b5a9016ed50d83406ec0110e0573cf13720c856d6a9dc6d7f95d026939d6636	graph	0b5a9016ed50d83406ec0110e0573cf13720c856d6a9dc6d7f95d026939d6636	6	2	pending	migrate:t1-pilot 2026-08-22 (commit 해시는 검수 패키지 단계 ⑦에서 기입)
discipline-cleancode-final	s109-14.5	335e163cea22f7649c368f6dda9a4e5f5472cac3111d68e6fdb1d890564fdedb	graph	335e163cea22f7649c368f6dda9a4e5f5472cac3111d68e6fdb1d890564fdedb	2	1	pending	migrate:t1-pilot 2026-08-22 (commit 해시는 검수 패키지 단계 ⑦에서 기입)
discipline-cleancode-final	s110-14.6	da11c686480a8db782ce5abcad379cb658978ecc462cf9868ee4246eaf7073f2	graph	da11c686480a8db782ce5abcad379cb658978ecc462cf9868ee4246eaf7073f2	3	2	pending	migrate:t1-pilot 2026-08-22 (commit 해시는 검수 패키지 단계 ⑦에서 기입)
discipline-cleancode-final	s127-16.3	c060dfcc01e95bb7f93f76f4806d0b45784f6803449edd83251821afe2e218c1	graph	c060dfcc01e95bb7f93f76f4806d0b45784f6803449edd83251821afe2e218c1	2	1	pending	migrate:t1-pilot 2026-08-22 (commit 해시는 검수 패키지 단계 ⑦에서 기입)
discipline-cleancode-final	s128-16.4	d2d300328589a1eb0d10e1e958643cabef16360ef7495868a045af9756640117	graph	d2d300328589a1eb0d10e1e958643cabef16360ef7495868a045af9756640117	2	1	pending	migrate:t1-pilot 2026-08-22 (commit 해시는 검수 패키지 단계 ⑦에서 기입)
discipline-cleancode-final	s129-16.5	1e0751d9d9c139414852846646b43666750e4b68c84f12fc8deb9eee80bb0a95	graph	1e0751d9d9c139414852846646b43666750e4b68c84f12fc8deb9eee80bb0a95	3	5	pending	migrate:t1-pilot 2026-08-22 (commit 해시는 검수 패키지 단계 ⑦에서 기입)
discipline-cleancode-final	s130-16.6	7474a7329a9c040cc70a6819b0cf17982f8bdecdd481c190859870bd59c45ec1	graph	7474a7329a9c040cc70a6819b0cf17982f8bdecdd481c190859870bd59c45ec1	4	1	pending	migrate:t1-pilot 2026-08-22 (commit 해시는 검수 패키지 단계 ⑦에서 기입)
discipline-cleancode-final	s132-17.1	1eca3757dcb06a932e6ebcbf0017e9a8faddbb50aaa06f7e89833671929c7ee8	graph	1eca3757dcb06a932e6ebcbf0017e9a8faddbb50aaa06f7e89833671929c7ee8	10	6	pending	migrate:t1-pilot 2026-08-22 (commit 해시는 검수 패키지 단계 ⑦에서 기입)
discipline-cleancode-final	s133-17.2	ad7b14a0ccda8877424fb36c2e71fada439c4743b6e34fabe4bacb1411b2c2f0	graph	ad7b14a0ccda8877424fb36c2e71fada439c4743b6e34fabe4bacb1411b2c2f0	2	1	pending	migrate:t1-pilot 2026-08-22 (commit 해시는 검수 패키지 단계 ⑦에서 기입)
discipline-cleancode-final	s134-17.3	eace6b517c3ab8484adec08a7430248ec962bfd926572c6804f49e0a59b71c8f	graph	eace6b517c3ab8484adec08a7430248ec962bfd926572c6804f49e0a59b71c8f	4	4	pending	migrate:t1-pilot 2026-08-22 (commit 해시는 검수 패키지 단계 ⑦에서 기입)
discipline-cleancode-final	s135-17.4	c1cb04ce8e2786faea44cdc922772b18469f65ae8f25baa1888044dd81bba0fb	graph	c1cb04ce8e2786faea44cdc922772b18469f65ae8f25baa1888044dd81bba0fb	4	1	pending	migrate:t1-pilot 2026-08-22 (commit 해시는 검수 패키지 단계 ⑦에서 기입)
discipline-cleancode-final	s136-17.5	b837ebd615df36835946bc7a2708aa7497979d61e3d05914217e592dd41a3735	graph	b837ebd615df36835946bc7a2708aa7497979d61e3d05914217e592dd41a3735	1	1	pending	migrate:t1-pilot 2026-08-22 (commit 해시는 검수 패키지 단계 ⑦에서 기입)
discipline-cleancode-final	s137-17.6	95f8b5c6c207ecce62b7d3051ccf544c36030dd16a099af1ea1656ddd77046ae	graph	95f8b5c6c207ecce62b7d3051ccf544c36030dd16a099af1ea1656ddd77046ae	2	2	pending	migrate:t1-pilot 2026-08-22 (commit 해시는 검수 패키지 단계 ⑦에서 기입)
discipline-cleancode-final	s138-17.7	a951f6512b2d16b2ab8c98dcebd2e39e72c51005567d60cd04c8b8de83305cc9	graph	a951f6512b2d16b2ab8c98dcebd2e39e72c51005567d60cd04c8b8de83305cc9	2	2	pending	migrate:t1-pilot 2026-08-22 (commit 해시는 검수 패키지 단계 ⑦에서 기입)
discipline-cleancode-final	s140-17.9	742130baf83c12350d58e9c553b093f644096a3875703825be3830b5546d34f0	graph	742130baf83c12350d58e9c553b093f644096a3875703825be3830b5546d34f0	8	4	pending	migrate:t1-pilot 2026-08-22 (commit 해시는 검수 패키지 단계 ⑦에서 기입)
discipline-cleancode-final	s141-18	4141f4c63d6c56a5cba375686eb9a4dac8e938c327b04f31e51f2f27ce0589aa	graph	4141f4c63d6c56a5cba375686eb9a4dac8e938c327b04f31e51f2f27ce0589aa	2	1	pending	migrate:t1-pilot 2026-08-22 (commit 해시는 검수 패키지 단계 ⑦에서 기입)
discipline-cleancode-final	s142	76b38bffe67007985591712407cebc17b6413632b36a5e2dad459e937275681c	graph	76b38bffe67007985591712407cebc17b6413632b36a5e2dad459e937275681c	31	1	pending	migrate:t1-pilot 2026-08-22 (commit 해시는 검수 패키지 단계 ⑦에서 기입)
agent-design-architect	s001	b690f715b5d1668bb2e2ffc717008f3ec25a41edfdb50080d31e1e056f2fc914	graph	b690f715b5d1668bb2e2ffc717008f3ec25a41edfdb50080d31e1e056f2fc914	6	3	pending	migrate:t1-pilot 2026-08-22 (commit 해시는 검수 패키지 단계 ⑦에서 기입)
agent-design-architect	s002	5caf4868448eb312bd84e96ce002cf3669e5bd4c655a067178f25a4f07c9a57d	graph	5caf4868448eb312bd84e96ce002cf3669e5bd4c655a067178f25a4f07c9a57d	7	8	pending	migrate:t1-pilot 2026-08-22 (commit 해시는 검수 패키지 단계 ⑦에서 기입)
agent-design-architect	s003	8c5d6b70205392c920ca179d7b15401a799d4b9376defefc8c91005c25e4e00f	graph	8c5d6b70205392c920ca179d7b15401a799d4b9376defefc8c91005c25e4e00f	1	3	pending	migrate:t1-pilot 2026-08-22 (commit 해시는 검수 패키지 단계 ⑦에서 기입)
agent-design-architect	s004	6440139a7735dcd8aaf3783a5aa5f9406ed2ee253d814cf7059886ec23d2ce4d	graph	6440139a7735dcd8aaf3783a5aa5f9406ed2ee253d814cf7059886ec23d2ce4d	2	10	pending	migrate:t1-pilot 2026-08-22 (commit 해시는 검수 패키지 단계 ⑦에서 기입)
agent-design-architect	s005	ecfbd450dd3c3278504c64264676741da8507fbbd61343b1bbbfd25bd0dd2044	graph	ecfbd450dd3c3278504c64264676741da8507fbbd61343b1bbbfd25bd0dd2044	32	170	pending	migrate:t1-pilot 2026-08-22 (commit 해시는 검수 패키지 단계 ⑦에서 기입)
agent-design-architect	s006	de2d485b62dfe8e9ffbea7e321bcff9e12316d0e0d0bf779f96613071181c01a	graph	de2d485b62dfe8e9ffbea7e321bcff9e12316d0e0d0bf779f96613071181c01a	5	7	pending	migrate:t1-pilot 2026-08-22 (commit 해시는 검수 패키지 단계 ⑦에서 기입)
agent-design-architect	s007	38580a21543a365f4913608faab6a355285958f865bfe3868acbfa6fffb1ad6e	graph	38580a21543a365f4913608faab6a355285958f865bfe3868acbfa6fffb1ad6e	3	4	pending	migrate:t1-pilot 2026-08-22 (commit 해시는 검수 패키지 단계 ⑦에서 기입)
implementation-test-final	s001	b53a1da3d7446e2559bb3bdb31030ebd86ea1ef22f1bfe9466c51ebb036fcbef	graph	b53a1da3d7446e2559bb3bdb31030ebd86ea1ef22f1bfe9466c51ebb036fcbef	2	4	pending	migrate:t1-pilot 2026-08-22 (commit 해시는 검수 패키지 단계 ⑦에서 기입)
implementation-test-final	s004-1.1	9ae2411a13cc64250bf7c7bf4a8e58e2ba6256e1f67e32145331f72fe51a754f	graph	9ae2411a13cc64250bf7c7bf4a8e58e2ba6256e1f67e32145331f72fe51a754f	11	5	pending	migrate:t1-pilot 2026-08-22 (commit 해시는 검수 패키지 단계 ⑦에서 기입)
implementation-test-final	s005-1.2	f7c0af1539f6def7067f529b27571a4c2f47d29d89a92316eb1343a0d8ab6439	graph	f7c0af1539f6def7067f529b27571a4c2f47d29d89a92316eb1343a0d8ab6439	9	1	pending	migrate:t1-pilot 2026-08-22 (commit 해시는 검수 패키지 단계 ⑦에서 기입)
implementation-test-final	s007-1.4	2071a67765e8cbfa84c559665ecbee2004724630ad8f449d87fe6dd3496c5203	graph	2071a67765e8cbfa84c559665ecbee2004724630ad8f449d87fe6dd3496c5203	6	5	pending	migrate:t1-pilot 2026-08-22 (commit 해시는 검수 패키지 단계 ⑦에서 기입)
implementation-test-final	s008-2	7df542d318fbc1962eb95a8d76a4053c3db76807ac58ce85fae1583fc810bcd4	graph	7df542d318fbc1962eb95a8d76a4053c3db76807ac58ce85fae1583fc810bcd4	4	1	pending	migrate:t1-pilot 2026-08-22 (commit 해시는 검수 패키지 단계 ⑦에서 기입)
implementation-test-final	s011-3.2	de9299eaf4353ea41a40e070f3fc387a89afa58d3e249f54f3c9fd8edb872cf4	graph	de9299eaf4353ea41a40e070f3fc387a89afa58d3e249f54f3c9fd8edb872cf4	7	1	pending	migrate:t1-pilot 2026-08-22 (commit 해시는 검수 패키지 단계 ⑦에서 기입)
implementation-test-final	s013-3.4	6f320b05f03882fa9aa23f62bc7731436883a66c2efd577b701facd987483ee4	graph	6f320b05f03882fa9aa23f62bc7731436883a66c2efd577b701facd987483ee4	2	3	pending	migrate:t1-pilot 2026-08-22 (commit 해시는 검수 패키지 단계 ⑦에서 기입)
implementation-test-final	s014-3.5	bd428c5f326c91170770601a59631955ef08d72d62edad12511ee4d9440aa5e7	graph	bd428c5f326c91170770601a59631955ef08d72d62edad12511ee4d9440aa5e7	2	1	pending	migrate:t1-pilot 2026-08-22 (commit 해시는 검수 패키지 단계 ⑦에서 기입)
implementation-test-final	s017-3.8	b0e37618cfcf69ba2fe914c222978aaa01d533ebc68b14feace5fe2b601ccb52	graph	b0e37618cfcf69ba2fe914c222978aaa01d533ebc68b14feace5fe2b601ccb52	2	0	pending	migrate:t1-pilot 2026-08-22 (commit 해시는 검수 패키지 단계 ⑦에서 기입)
implementation-test-final	s021-4.1	e3fd03cc1359a30c025a7a1496285623efad9ef5aac156147d4d4e42c6f114bb	graph	e3fd03cc1359a30c025a7a1496285623efad9ef5aac156147d4d4e42c6f114bb	3	4	pending	migrate:t1-pilot 2026-08-22 (commit 해시는 검수 패키지 단계 ⑦에서 기입)
implementation-test-final	s022-4.2	830e722de88079da0df0d7920d1abe70cd098ccfabbb44b73a30581b6857e4fb	graph	830e722de88079da0df0d7920d1abe70cd098ccfabbb44b73a30581b6857e4fb	5	6	pending	migrate:t1-pilot 2026-08-22 (commit 해시는 검수 패키지 단계 ⑦에서 기입)
implementation-test-final	s027-6	31be8467dbed8d41ca82341be56f81ee0ba3987cd3a91b679c481fbbaa9671df	graph	31be8467dbed8d41ca82341be56f81ee0ba3987cd3a91b679c481fbbaa9671df	1	4	pending	migrate:t1-pilot 2026-08-22 (commit 해시는 검수 패키지 단계 ⑦에서 기입)
implementation-test-final	s029-6.2	6b15e3eac0d6fb5c4fb382458ecfa8b92f30bf3d6ab9eb7820da96bef83904cf	graph	6b15e3eac0d6fb5c4fb382458ecfa8b92f30bf3d6ab9eb7820da96bef83904cf	8	2	pending	migrate:t1-pilot 2026-08-22 (commit 해시는 검수 패키지 단계 ⑦에서 기입)
implementation-test-final	s030-6.3	a61321428321a6406cccb13b7b687f640ef1f0a8d3755b3496a52bb16aa20f6a	graph	a61321428321a6406cccb13b7b687f640ef1f0a8d3755b3496a52bb16aa20f6a	3	2	pending	migrate:t1-pilot 2026-08-22 (commit 해시는 검수 패키지 단계 ⑦에서 기입)
implementation-test-final	s033-7	f0d0278c81823f3ae6162673052b594d81b2ee61be236c7d4bb9935530dee978	graph	f0d0278c81823f3ae6162673052b594d81b2ee61be236c7d4bb9935530dee978	1	5	pending	migrate:t1-pilot 2026-08-22 (commit 해시는 검수 패키지 단계 ⑦에서 기입)
implementation-test-final	s034-7.1	ff5c9c75d2ecfe2ac898752361a740b2ab132d519d0118cbf8161edaaccb1c88	graph	ff5c9c75d2ecfe2ac898752361a740b2ab132d519d0118cbf8161edaaccb1c88	3	3	pending	migrate:t1-pilot 2026-08-22 (commit 해시는 검수 패키지 단계 ⑦에서 기입)
implementation-test-final	s036-7.3	8150955387b6c8895a4a31c9d6fcfaee6c06f9733c4b75e016f14da3aff940a1	graph	8150955387b6c8895a4a31c9d6fcfaee6c06f9733c4b75e016f14da3aff940a1	3	1	pending	migrate:t1-pilot 2026-08-22 (commit 해시는 검수 패키지 단계 ⑦에서 기입)
implementation-test-final	s038-7.5	201d4cb533432b39650a4a7d71680928c6010825e3272ded0ef5fc500f84b628	graph	201d4cb533432b39650a4a7d71680928c6010825e3272ded0ef5fc500f84b628	2	1	pending	migrate:t1-pilot 2026-08-22 (commit 해시는 검수 패키지 단계 ⑦에서 기입)
implementation-test-final	s041-7.8	fc1c60af9a286800aa3a56c08a09645596fa1024686965394e35e6ef98db2d3a	graph	fc1c60af9a286800aa3a56c08a09645596fa1024686965394e35e6ef98db2d3a	3	1	pending	migrate:t1-pilot 2026-08-22 (commit 해시는 검수 패키지 단계 ⑦에서 기입)
implementation-test-final	s042-8	d0eea5041d167ea838fb042263d3170e013b01a134fdf3c69d7f6f8a1ef468e8	graph	d0eea5041d167ea838fb042263d3170e013b01a134fdf3c69d7f6f8a1ef468e8	2	2	pending	migrate:t1-pilot 2026-08-22 (commit 해시는 검수 패키지 단계 ⑦에서 기입)
implementation-test-final	s049-9.1	91ee87bd75ba076c6282124ec788b085188db37270f7f92ea292b6e4c2612975	graph	91ee87bd75ba076c6282124ec788b085188db37270f7f92ea292b6e4c2612975	3	4	pending	migrate:t1-pilot 2026-08-22 (commit 해시는 검수 패키지 단계 ⑦에서 기입)
implementation-test-final	s055-10	303176b9c47fa25a6262e259d09ce1c2c0e8944a4dc05487bcf049e3807cc554	graph	303176b9c47fa25a6262e259d09ce1c2c0e8944a4dc05487bcf049e3807cc554	1	2	pending	migrate:t1-pilot 2026-08-22 (commit 해시는 검수 패키지 단계 ⑦에서 기입)
implementation-test-final	s063-12	fc1ce1fad9503b2288a032e2e37ddcd93e77b2cd103a3cf1c4c30e610f7bcd55	graph	fc1ce1fad9503b2288a032e2e37ddcd93e77b2cd103a3cf1c4c30e610f7bcd55	1	1	pending	migrate:t1-pilot 2026-08-22 (commit 해시는 검수 패키지 단계 ⑦에서 기입)
implementation-test-final	s067-13	327b50c4689c76eb6060d0b86bb3e11746402bd05b4461b1668cac445a0d770e	graph	327b50c4689c76eb6060d0b86bb3e11746402bd05b4461b1668cac445a0d770e	1	1	pending	migrate:t1-pilot 2026-08-22 (commit 해시는 검수 패키지 단계 ⑦에서 기입)
implementation-test-final	s070-14	55e43ef3222383da7c2209beb3e676c2a23fe89638ef302c2ba57f5ed24bc892	graph	55e43ef3222383da7c2209beb3e676c2a23fe89638ef302c2ba57f5ed24bc892	1	1	pending	migrate:t1-pilot 2026-08-22 (commit 해시는 검수 패키지 단계 ⑦에서 기입)
implementation-test-final	s075-15.1	360fbf03421b05e91f462c9d680cc2c5891bf351cd5f7e08c3b97cb8429bc2bf	graph	360fbf03421b05e91f462c9d680cc2c5891bf351cd5f7e08c3b97cb8429bc2bf	10	8	pending	migrate:t1-pilot 2026-08-22 (commit 해시는 검수 패키지 단계 ⑦에서 기입)
implementation-test-final	s076-15.2	d4c0cb5fdc84798d08e3dbfb371d4b8771a9fd14f1e1784ee8608df2ecfab202	graph	d4c0cb5fdc84798d08e3dbfb371d4b8771a9fd14f1e1784ee8608df2ecfab202	8	6	pending	migrate:t1-pilot 2026-08-22 (commit 해시는 검수 패키지 단계 ⑦에서 기입)
implementation-test-final	s077-15.3	10b97307873b28f9de20313c568fcd1bbb015c62dbaac7f41321715fe672f804	graph	10b97307873b28f9de20313c568fcd1bbb015c62dbaac7f41321715fe672f804	4	5	pending	migrate:t1-pilot 2026-08-22 (commit 해시는 검수 패키지 단계 ⑦에서 기입)
implementation-test-final	s078-15.4	0412a987bb23b3cb6b462c88eaeb456077b1bf0bbf80596a215af976ae9c8632	graph	0412a987bb23b3cb6b462c88eaeb456077b1bf0bbf80596a215af976ae9c8632	3	8	pending	migrate:t1-pilot 2026-08-22 (commit 해시는 검수 패키지 단계 ⑦에서 기입)
implementation-test-final	s079-15.5	5beb4d4569e213d4f8c173e937b5cedfce05d6144677c43d1363ee0782e7b6d6	graph	5beb4d4569e213d4f8c173e937b5cedfce05d6144677c43d1363ee0782e7b6d6	3	5	pending	migrate:t1-pilot 2026-08-22 (commit 해시는 검수 패키지 단계 ⑦에서 기입)
implementation-test-final	s081-16.1	e017be54536487fdcbfb30b5b4ea9f583b07d61a7f62c8f513deb9f6b9d45f48	graph	e017be54536487fdcbfb30b5b4ea9f583b07d61a7f62c8f513deb9f6b9d45f48	21	6	pending	migrate:t1-pilot 2026-08-22 (commit 해시는 검수 패키지 단계 ⑦에서 기입)
implementation-test-final	s082-16.2	7d14f81062bcb8481fcf1dc6f5e6813787b94a83b8af937957792ec4b181d7be	graph	7d14f81062bcb8481fcf1dc6f5e6813787b94a83b8af937957792ec4b181d7be	10	1	pending	migrate:t1-pilot 2026-08-22 (commit 해시는 검수 패키지 단계 ⑦에서 기입)
implementation-test-final	s083-17	bc8345b47adc944850048272856bdec2adb7f9771352af7183febd900dda1e05	graph	bc8345b47adc944850048272856bdec2adb7f9771352af7183febd900dda1e05	1	4	pending	migrate:t1-pilot 2026-08-22 (commit 해시는 검수 패키지 단계 ⑦에서 기입)
implementation-test-final	s088-17.5	ed8c4f9ec16c9fafab709b132f7991583a12327d29e1b20e94917ee518d2eb35	graph	ed8c4f9ec16c9fafab709b132f7991583a12327d29e1b20e94917ee518d2eb35	2	3	pending	migrate:t1-pilot 2026-08-22 (commit 해시는 검수 패키지 단계 ⑦에서 기입)
implementation-test-final	s092-19	b2d6c21bcff3914c31a7508ca4a4da332cc5a93a256a7771ef56b503769145fc	graph	b2d6c21bcff3914c31a7508ca4a4da332cc5a93a256a7771ef56b503769145fc	3	5	pending	migrate:t1-pilot 2026-08-22 (commit 해시는 검수 패키지 단계 ⑦에서 기입)
implementation-test-final	s093-19.1	2c7278b6d5ba622cc4c3c573d5622a8d5a0b4c831d7d114d311669b6a417b0a2	graph	2c7278b6d5ba622cc4c3c573d5622a8d5a0b4c831d7d114d311669b6a417b0a2	2	2	pending	migrate:t1-pilot 2026-08-22 (commit 해시는 검수 패키지 단계 ⑦에서 기입)
implementation-test-final	s094-19.2	7fcbf40af1b9ed27bb5942de66fc774259170b482c4083e89975bce81e44aa8e	graph	7fcbf40af1b9ed27bb5942de66fc774259170b482c4083e89975bce81e44aa8e	1	2	pending	migrate:t1-pilot 2026-08-22 (commit 해시는 검수 패키지 단계 ⑦에서 기입)
implementation-test-final	s095-19.2.1	16b7e799fa3f95790d2f3e8f0e6dd5d90e3e7279ad92bdfde7ed3079acdf3bd8	graph	16b7e799fa3f95790d2f3e8f0e6dd5d90e3e7279ad92bdfde7ed3079acdf3bd8	3	12	pending	migrate:t1-pilot 2026-08-22 (commit 해시는 검수 패키지 단계 ⑦에서 기입)
implementation-test-final	s096-19.2.2	81cd298ca90843a905260216c3d728d11aa66e6954956698740776004f10797a	graph	81cd298ca90843a905260216c3d728d11aa66e6954956698740776004f10797a	7	5	pending	migrate:t1-pilot 2026-08-22 (commit 해시는 검수 패키지 단계 ⑦에서 기입)
implementation-test-final	s097-19.2.3	6d1f0c60f402f1b0ab10fe96e7eedd83494f8bf33158fa37560cc927e3e8d869	graph	6d1f0c60f402f1b0ab10fe96e7eedd83494f8bf33158fa37560cc927e3e8d869	2	5	pending	migrate:t1-pilot 2026-08-22 (commit 해시는 검수 패키지 단계 ⑦에서 기입)
implementation-test-final	s098-19.3	f521d6fe7b422794b01ae6bbea7bf8772ed2f3dd54f3c2ad2227749e6c4bf03e	graph	f521d6fe7b422794b01ae6bbea7bf8772ed2f3dd54f3c2ad2227749e6c4bf03e	2	2	pending	migrate:t1-pilot 2026-08-22 (commit 해시는 검수 패키지 단계 ⑦에서 기입)
implementation-test-final	s099-19.4	5a2c93dab76869f9c62b1f0f8a6ce55d10e72e71dd6d6cc7645dc95505ee5fcc	graph	5a2c93dab76869f9c62b1f0f8a6ce55d10e72e71dd6d6cc7645dc95505ee5fcc	5	3	pending	migrate:t1-pilot 2026-08-22 (commit 해시는 검수 패키지 단계 ⑦에서 기입)
implementation-test-final	s100-20	f8e2561268eccfbeb96d5a261c2c7c90094a91af8be17147f874a63df60f1aa4	graph	f8e2561268eccfbeb96d5a261c2c7c90094a91af8be17147f874a63df60f1aa4	2	4	pending	migrate:t1-pilot 2026-08-22 (commit 해시는 검수 패키지 단계 ⑦에서 기입)
implementation-test-final	s101-20.1	b628c81cb8591ccab09640c9ee41c6596ee6c65ba3c66537f193d324839323cf	graph	b628c81cb8591ccab09640c9ee41c6596ee6c65ba3c66537f193d324839323cf	4	4	pending	migrate:t1-pilot 2026-08-22 (commit 해시는 검수 패키지 단계 ⑦에서 기입)
implementation-test-final	s102-20.2	04c528df57a26cb2aff41d96832429fc13f23cc6a589eeca2d485c2801cac698	graph	04c528df57a26cb2aff41d96832429fc13f23cc6a589eeca2d485c2801cac698	2	3	pending	migrate:t1-pilot 2026-08-22 (commit 해시는 검수 패키지 단계 ⑦에서 기입)
implementation-test-final	s103-20.3	429231d0a9ea1b3e6bfa849542259507c0356603d2dcd4265ca9ea60bbe75af7	graph	429231d0a9ea1b3e6bfa849542259507c0356603d2dcd4265ca9ea60bbe75af7	3	4	pending	migrate:t1-pilot 2026-08-22 (commit 해시는 검수 패키지 단계 ⑦에서 기입)
implementation-test-final	s104-20.4	12300e93d0f0505ed788c065720ca63d1b7f384fdfc63a6a918934d195c25509	graph	12300e93d0f0505ed788c065720ca63d1b7f384fdfc63a6a918934d195c25509	3	2	pending	migrate:t1-pilot 2026-08-22 (commit 해시는 검수 패키지 단계 ⑦에서 기입)
implementation-test-final	s105-20.5	ade5cfd4085ad1315cf0fb49e4c85ab7c81b4cdc6258b09387b86603fd8826d3	graph	ade5cfd4085ad1315cf0fb49e4c85ab7c81b4cdc6258b09387b86603fd8826d3	7	11	pending	migrate:t1-pilot 2026-08-22 (commit 해시는 검수 패키지 단계 ⑦에서 기입)
implementation-test-final	s106-21	55c74ec2c7205a5a74786e1dbddce9de859eb430b7a794a5c29b51c77149d986	graph	55c74ec2c7205a5a74786e1dbddce9de859eb430b7a794a5c29b51c77149d986	1	1	pending	migrate:t1-pilot 2026-08-22 (commit 해시는 검수 패키지 단계 ⑦에서 기입)
architecture-api-final	s013-3.1	62b233506db7e720ef8a8022fe610e6fe2c580e4c3962da19cca3c32477579c7	graph	62b233506db7e720ef8a8022fe610e6fe2c580e4c3962da19cca3c32477579c7	6	5	pending	migrate:t1-pilot 2026-08-22 (commit 해시는 검수 패키지 단계 ⑦에서 기입)
architecture-api-final	s014-3.2	ee76bea1b711c1f4e55301c46c2d3f9dd22a9f4b3410c93cdf949d2f5029ad8b	graph	ee76bea1b711c1f4e55301c46c2d3f9dd22a9f4b3410c93cdf949d2f5029ad8b	2	2	pending	migrate:t1-pilot 2026-08-22 (commit 해시는 검수 패키지 단계 ⑦에서 기입)
architecture-api-final	s018-4.2	9f40b94b09c8b973be5196ec354363dcedf9fc7cc7c747f5f19aed3f45492db9	graph	9f40b94b09c8b973be5196ec354363dcedf9fc7cc7c747f5f19aed3f45492db9	20	16	pending	migrate:t1-pilot 2026-08-22 (commit 해시는 검수 패키지 단계 ⑦에서 기입)
architecture-api-final	s019-4.3	32d8b73e2935182eed6d2a7c34014841b5f1846dfc65e62c472cd61c2b531d7c	graph	32d8b73e2935182eed6d2a7c34014841b5f1846dfc65e62c472cd61c2b531d7c	2	1	pending	migrate:t1-pilot 2026-08-22 (commit 해시는 검수 패키지 단계 ⑦에서 기입)
architecture-api-final	s020-5	ba71559de1bac20b5c2ab8cd6daea0fd1ad4e1fe6a47fa0ffca5723b12e31105	graph	ba71559de1bac20b5c2ab8cd6daea0fd1ad4e1fe6a47fa0ffca5723b12e31105	1	1	pending	migrate:t1-pilot 2026-08-22 (commit 해시는 검수 패키지 단계 ⑦에서 기입)
architecture-api-final	s021-5.1	5e237d6e4fb15070aa5d4176ee29ea8e3bf8f456c9114ae6460c67db44b18b6f	graph	5e237d6e4fb15070aa5d4176ee29ea8e3bf8f456c9114ae6460c67db44b18b6f	8	9	pending	migrate:t1-pilot 2026-08-22 (commit 해시는 검수 패키지 단계 ⑦에서 기입)
architecture-api-final	s022-5.2	3c16642e91f0cee019704243a2fc1291fe446a38fe5ebf9a9889cc2c704d3e11	graph	3c16642e91f0cee019704243a2fc1291fe446a38fe5ebf9a9889cc2c704d3e11	6	6	pending	migrate:t1-pilot 2026-08-22 (commit 해시는 검수 패키지 단계 ⑦에서 기입)
architecture-api-final	s023-5.3	735f8bc852d38974d4d33a201dc47ef4c2e69b61fb5c82cf2e0f65c2960d8a15	graph	735f8bc852d38974d4d33a201dc47ef4c2e69b61fb5c82cf2e0f65c2960d8a15	11	1	pending	migrate:t1-pilot 2026-08-22 (commit 해시는 검수 패키지 단계 ⑦에서 기입)
architecture-api-final	s024-5.4	b8103af5d65163b054e79188fbf6c76ae8fcaedaabe3794067447e2424da8fc7	graph	b8103af5d65163b054e79188fbf6c76ae8fcaedaabe3794067447e2424da8fc7	6	11	pending	migrate:t1-pilot 2026-08-22 (commit 해시는 검수 패키지 단계 ⑦에서 기입)
architecture-api-final	s025	cfacc5271fd358a6344b303336ce17c34056851c7ba862089ecde3a629dea098	graph	cfacc5271fd358a6344b303336ce17c34056851c7ba862089ecde3a629dea098	7	15	pending	migrate:t1-pilot 2026-08-22 (commit 해시는 검수 패키지 단계 ⑦에서 기입)
architecture-api-final	s026	cefa4f8a3f630d7bba7bdf4ed7344936ae6d65b08961baacb4a534a0911401b3	graph	cefa4f8a3f630d7bba7bdf4ed7344936ae6d65b08961baacb4a534a0911401b3	1	3	pending	migrate:t1-pilot 2026-08-22 (commit 해시는 검수 패키지 단계 ⑦에서 기입)
architecture-api-final	s027-6	c7e33b86378325a2ee69c913483386824e9b65ccdddd8afcc1fa1db638defa04	graph	c7e33b86378325a2ee69c913483386824e9b65ccdddd8afcc1fa1db638defa04	1	3	pending	migrate:t1-pilot 2026-08-22 (commit 해시는 검수 패키지 단계 ⑦에서 기입)
architecture-api-final	s029-6.2	6c74d53d91663fecc86a94411734b9179797624b7f208d39bd6817547a24ecd9	graph	6c74d53d91663fecc86a94411734b9179797624b7f208d39bd6817547a24ecd9	2	1	pending	migrate:t1-pilot 2026-08-22 (commit 해시는 검수 패키지 단계 ⑦에서 기입)
architecture-api-final	s030-6.3	9c774a31a391cf8c461a2128f49e37e17c12e706c7a348286a1f5fc9803a2b46	graph	9c774a31a391cf8c461a2128f49e37e17c12e706c7a348286a1f5fc9803a2b46	4	3	pending	migrate:t1-pilot 2026-08-22 (commit 해시는 검수 패키지 단계 ⑦에서 기입)
architecture-api-final	s033-7.2	698583d0ab579b2e6f98a9cb8db705f4d1e269a2be45ead95c7a0bf294560bde	graph	698583d0ab579b2e6f98a9cb8db705f4d1e269a2be45ead95c7a0bf294560bde	14	7	pending	migrate:t1-pilot 2026-08-22 (commit 해시는 검수 패키지 단계 ⑦에서 기입)
architecture-api-final	s036-8.1	b617812bbdbb3a3b276a58c50f144467983878266204f79485be2187dd00219e	graph	b617812bbdbb3a3b276a58c50f144467983878266204f79485be2187dd00219e	9	3	pending	migrate:t1-pilot 2026-08-22 (commit 해시는 검수 패키지 단계 ⑦에서 기입)
architecture-api-final	s037-8.2	5df8c916a526d06a94fcf2b68732de2075967817ebe471f69a25c5ab98b97ffc	graph	5df8c916a526d06a94fcf2b68732de2075967817ebe471f69a25c5ab98b97ffc	4	3	pending	migrate:t1-pilot 2026-08-22 (commit 해시는 검수 패키지 단계 ⑦에서 기입)
architecture-api-final	s038-8.3	65d67057343dd9ed55e9718849321ac8ed8a8bf86b0fd681595e673adb91af52	graph	65d67057343dd9ed55e9718849321ac8ed8a8bf86b0fd681595e673adb91af52	4	3	pending	migrate:t1-pilot 2026-08-22 (commit 해시는 검수 패키지 단계 ⑦에서 기입)
architecture-api-final	s039-8.4	99f2454eb07e0750a8743dbd712bdbb40d901d809abdb7c76cb9f8b02319313a	graph	99f2454eb07e0750a8743dbd712bdbb40d901d809abdb7c76cb9f8b02319313a	8	12	pending	migrate:t1-pilot 2026-08-22 (commit 해시는 검수 패키지 단계 ⑦에서 기입)
architecture-api-final	s042-9.2	eff45bba6936a1e079073db5552e2b72be192f18ad090717ef7e58d0a469257d	graph	eff45bba6936a1e079073db5552e2b72be192f18ad090717ef7e58d0a469257d	4	3	pending	migrate:t1-pilot 2026-08-22 (commit 해시는 검수 패키지 단계 ⑦에서 기입)
architecture-api-final	s043-9.3	e09c6ea2293911ce7ca7b854de4ad0203305d9fa5607164af9cb6a0256918487	graph	e09c6ea2293911ce7ca7b854de4ad0203305d9fa5607164af9cb6a0256918487	5	4	pending	migrate:t1-pilot 2026-08-22 (commit 해시는 검수 패키지 단계 ⑦에서 기입)
architecture-api-final	s047-10.3	38dc9b437d7755431a028b4acaf73e6e50a6e32a2bf180de1cadf14e7f1131c7	graph	38dc9b437d7755431a028b4acaf73e6e50a6e32a2bf180de1cadf14e7f1131c7	4	2	pending	migrate:t1-pilot 2026-08-22 (commit 해시는 검수 패키지 단계 ⑦에서 기입)
architecture-api-final	s049-11.1	0a9791c38c03910303fbe835593ee6195b67e9153452d94ec98a8ccd130d5412	graph	0a9791c38c03910303fbe835593ee6195b67e9153452d94ec98a8ccd130d5412	10	9	pending	migrate:t1-pilot 2026-08-22 (commit 해시는 검수 패키지 단계 ⑦에서 기입)
architecture-api-final	s050-11.2	9febc19561b51100ac5fd193b76f7cd4aae3c5508db68e1c31c2d872dc77c85f	graph	9febc19561b51100ac5fd193b76f7cd4aae3c5508db68e1c31c2d872dc77c85f	6	5	pending	migrate:t1-pilot 2026-08-22 (commit 해시는 검수 패키지 단계 ⑦에서 기입)
architecture-api-final	s051-11.3	11f33c633857a70a3a8b5669637e63b6158154c016de405833e0602668cad012	graph	11f33c633857a70a3a8b5669637e63b6158154c016de405833e0602668cad012	4	3	pending	migrate:t1-pilot 2026-08-22 (commit 해시는 검수 패키지 단계 ⑦에서 기입)
architecture-api-final	s055-12.3	d29aff933ba642d96fd3b26dfc52122dff6ff800e7cbc70db0857832f21bb41f	graph	d29aff933ba642d96fd3b26dfc52122dff6ff800e7cbc70db0857832f21bb41f	5	4	pending	migrate:t1-pilot 2026-08-22 (commit 해시는 검수 패키지 단계 ⑦에서 기입)
architecture-api-final	s056-12.4	81c45ed8ac4670f25b3f4fec68d87a10c8575c313ecc96bfe46262917ee98457	graph	81c45ed8ac4670f25b3f4fec68d87a10c8575c313ecc96bfe46262917ee98457	4	4	pending	migrate:t1-pilot 2026-08-22 (commit 해시는 검수 패키지 단계 ⑦에서 기입)
architecture-api-final	s059-13.2	f9a273b8bf0852fba03df4b77c096ca1e7082b93709971b1b935dcd72be18b91	graph	f9a273b8bf0852fba03df4b77c096ca1e7082b93709971b1b935dcd72be18b91	7	6	pending	migrate:t1-pilot 2026-08-22 (commit 해시는 검수 패키지 단계 ⑦에서 기입)
architecture-api-final	s060-13.3	e9332eab18675afc4dcd53f9a0337f65b3f617110bc1a50447d5b068475abedd	graph	e9332eab18675afc4dcd53f9a0337f65b3f617110bc1a50447d5b068475abedd	11	12	pending	migrate:t1-pilot 2026-08-22 (commit 해시는 검수 패키지 단계 ⑦에서 기입)
architecture-api-final	s061-13.4	8c87031aa62ad288c211a71858105dea4cf0492e49cc5c8bfa604c6051b7109e	graph	8c87031aa62ad288c211a71858105dea4cf0492e49cc5c8bfa604c6051b7109e	6	6	pending	migrate:t1-pilot 2026-08-22 (commit 해시는 검수 패키지 단계 ⑦에서 기입)
architecture-api-final	s065-14.3	108138f62216972d06796bba8bb17f4bc9a7770896059c08b5e4b446f79e03c7	graph	108138f62216972d06796bba8bb17f4bc9a7770896059c08b5e4b446f79e03c7	10	1	pending	migrate:t1-pilot 2026-08-22 (commit 해시는 검수 패키지 단계 ⑦에서 기입)
architecture-api-final	s066-14.4	60041b8a02d700e23900b86ba6e94880d2118dddf48f45fc03af54c75184faf9	graph	60041b8a02d700e23900b86ba6e94880d2118dddf48f45fc03af54c75184faf9	4	3	pending	migrate:t1-pilot 2026-08-22 (commit 해시는 검수 패키지 단계 ⑦에서 기입)
discipline-tdd-final	s001	35e63c05321876c7370ce0e099dcee056073f1b01cc80d489cdb9e81207e6c77	graph	35e63c05321876c7370ce0e099dcee056073f1b01cc80d489cdb9e81207e6c77	1	1	pending	migrate:t1-pilot 2026-08-22 (commit 해시는 검수 패키지 단계 ⑦에서 기입)
discipline-tdd-final	s006-2.1	ec6304c97ee14a8de67ffd42ba56fdd3991dbc6748ea2ca32c5c240938a71746	graph	ec6304c97ee14a8de67ffd42ba56fdd3991dbc6748ea2ca32c5c240938a71746	6	11	pending	migrate:t1-pilot 2026-08-22 (commit 해시는 검수 패키지 단계 ⑦에서 기입)
discipline-tdd-final	s012-3.4	ba5c88733c6985556af179f1df143b3200c5eb7e020bbfaab82eaaf1074237be	graph	ba5c88733c6985556af179f1df143b3200c5eb7e020bbfaab82eaaf1074237be	8	1	pending	migrate:t1-pilot 2026-08-22 (commit 해시는 검수 패키지 단계 ⑦에서 기입)
discipline-tdd-final	s015-4.2	f12c7afa6923534859bbdd21332ec223133f34fb3620b8b4dd5812da8ed1422c	graph	f12c7afa6923534859bbdd21332ec223133f34fb3620b8b4dd5812da8ed1422c	3	4	pending	migrate:t1-pilot 2026-08-22 (commit 해시는 검수 패키지 단계 ⑦에서 기입)
discipline-tdd-final	s018-4.5	d92b884f18a05d688d8a89695ac13d7f230e825780d75b581b4967d86abe97bb	graph	d92b884f18a05d688d8a89695ac13d7f230e825780d75b581b4967d86abe97bb	7	1	pending	migrate:t1-pilot 2026-08-22 (commit 해시는 검수 패키지 단계 ⑦에서 기입)
discipline-tdd-final	s021-5.1	87f5e17423fa609ad9f093d568e31e432bf2cbb44b26c98a50585c5ccc4b878c	graph	87f5e17423fa609ad9f093d568e31e432bf2cbb44b26c98a50585c5ccc4b878c	4	9	pending	migrate:t1-pilot 2026-08-22 (commit 해시는 검수 패키지 단계 ⑦에서 기입)
discipline-tdd-final	s022-5.2	a4a4667d5fceb970205abaf8bf205d77ba4472d14b72ae30d6256d8644e4a468	graph	a4a4667d5fceb970205abaf8bf205d77ba4472d14b72ae30d6256d8644e4a468	1	2	pending	migrate:t1-pilot 2026-08-22 (commit 해시는 검수 패키지 단계 ⑦에서 기입)
discipline-tdd-final	s023-5.3	683e3bf49d3f66a7c7998ab95d05596974eb1125cc2cdb9b6b61c1a64e83f847	graph	683e3bf49d3f66a7c7998ab95d05596974eb1125cc2cdb9b6b61c1a64e83f847	2	2	pending	migrate:t1-pilot 2026-08-22 (commit 해시는 검수 패키지 단계 ⑦에서 기입)
discipline-tdd-final	s024-5.4	585f5b59f437d53811600eaf316497f643efcea898389d19f3c5fd0d2c85b3de	graph	585f5b59f437d53811600eaf316497f643efcea898389d19f3c5fd0d2c85b3de	1	1	pending	migrate:t1-pilot 2026-08-22 (commit 해시는 검수 패키지 단계 ⑦에서 기입)
discipline-tdd-final	s025-5.5	167039474f1811d83d38de9b11b90469644e16c2465d0dacbc29f9f3d0a94e39	graph	167039474f1811d83d38de9b11b90469644e16c2465d0dacbc29f9f3d0a94e39	48	57	pending	migrate:t1-pilot 2026-08-22 (commit 해시는 검수 패키지 단계 ⑦에서 기입)
discipline-tdd-final	s027-6.1	b80723bbf8c8e25195f55555eaac8bd6f6881c919270ad30ba467d6c770e03a1	graph	b80723bbf8c8e25195f55555eaac8bd6f6881c919270ad30ba467d6c770e03a1	5	2	pending	migrate:t1-pilot 2026-08-22 (commit 해시는 검수 패키지 단계 ⑦에서 기입)
discipline-tdd-final	s028-6.2	0ba6fd7f4b1e779b54d38241ad5191739f82d6d88183e898cffba32aca0c674a	graph	0ba6fd7f4b1e779b54d38241ad5191739f82d6d88183e898cffba32aca0c674a	3	2	pending	migrate:t1-pilot 2026-08-22 (commit 해시는 검수 패키지 단계 ⑦에서 기입)
discipline-tdd-final	s029-6.3	7f6ea58bc30534f3b91899754de3682db24fed8320b5d316e36946884e8c6c26	graph	7f6ea58bc30534f3b91899754de3682db24fed8320b5d316e36946884e8c6c26	2	2	pending	migrate:t1-pilot 2026-08-22 (commit 해시는 검수 패키지 단계 ⑦에서 기입)
discipline-tdd-final	s031-7.1	086e60d64f9d97538408275fc7a45869909368d49185293a1817febe54918a2c	graph	086e60d64f9d97538408275fc7a45869909368d49185293a1817febe54918a2c	3	3	pending	migrate:t1-pilot 2026-08-22 (commit 해시는 검수 패키지 단계 ⑦에서 기입)
discipline-tdd-final	s032-7.2	7c4324efb5fe7e35162ea20a44cfd0d09b165714e181216e1b1913896a73f328	graph	7c4324efb5fe7e35162ea20a44cfd0d09b165714e181216e1b1913896a73f328	3	3	pending	migrate:t1-pilot 2026-08-22 (commit 해시는 검수 패키지 단계 ⑦에서 기입)
discipline-tdd-final	s033-7.3	d16e8baf00b10d6fa62e905ab3dfa4c4252db4441ded31a5b72ce53314d34991	graph	d16e8baf00b10d6fa62e905ab3dfa4c4252db4441ded31a5b72ce53314d34991	3	3	pending	migrate:t1-pilot 2026-08-22 (commit 해시는 검수 패키지 단계 ⑦에서 기입)
discipline-tdd-final	s034-7.4	34241fa371b8a6e4f4f0d690ffc3df4dbf3a767cc42fefb9ab8067811da95c44	graph	34241fa371b8a6e4f4f0d690ffc3df4dbf3a767cc42fefb9ab8067811da95c44	2	1	pending	migrate:t1-pilot 2026-08-22 (commit 해시는 검수 패키지 단계 ⑦에서 기입)
discipline-tdd-final	s035-7.5	2c295cd70be51e19783cfde5b54bc76872518a9a71e85d8b8249f297e46dab08	graph	2c295cd70be51e19783cfde5b54bc76872518a9a71e85d8b8249f297e46dab08	2	1	pending	migrate:t1-pilot 2026-08-22 (commit 해시는 검수 패키지 단계 ⑦에서 기입)
discipline-tdd-final	s036-7.6	4ec95303536c65982d490647b6e18e9b2ae2f69a678033d07d50f751101e5ef1	graph	4ec95303536c65982d490647b6e18e9b2ae2f69a678033d07d50f751101e5ef1	1	4	pending	migrate:t1-pilot 2026-08-22 (commit 해시는 검수 패키지 단계 ⑦에서 기입)
discipline-tdd-final	s037-7.7	34facc2b2f8a399b77486a26c50dc33319e5876066e9dd5fe45942052fedb13f	graph	34facc2b2f8a399b77486a26c50dc33319e5876066e9dd5fe45942052fedb13f	3	1	pending	migrate:t1-pilot 2026-08-22 (commit 해시는 검수 패키지 단계 ⑦에서 기입)
discipline-tdd-final	s038-8	822615aa24493a65cfc28f6708e66010824ce7dd20459e4e5c2d2c87f9cd128b	graph	822615aa24493a65cfc28f6708e66010824ce7dd20459e4e5c2d2c87f9cd128b	2	1	pending	migrate:t1-pilot 2026-08-22 (commit 해시는 검수 패키지 단계 ⑦에서 기입)
discipline-tdd-final	s040-9.1	519c43a118f0d4b6fc6ef4ed0842c1e3eb70f54987affbf1497cba995cd42866	graph	519c43a118f0d4b6fc6ef4ed0842c1e3eb70f54987affbf1497cba995cd42866	3	1	pending	migrate:t1-pilot 2026-08-22 (commit 해시는 검수 패키지 단계 ⑦에서 기입)
discipline-tdd-final	s041-9.2	a17f6fa2bd69c74f8432c92c06d76e4652369e70fe2d2021744f2e0960ed4709	graph	a17f6fa2bd69c74f8432c92c06d76e4652369e70fe2d2021744f2e0960ed4709	3	3	pending	migrate:t1-pilot 2026-08-22 (commit 해시는 검수 패키지 단계 ⑦에서 기입)
discipline-tdd-final	s042-9.3	2f65b24711d46e125ecbe4bda70627b73f8bf434c4110c30f4a7320fcdad81c6	graph	2f65b24711d46e125ecbe4bda70627b73f8bf434c4110c30f4a7320fcdad81c6	1	3	pending	migrate:t1-pilot 2026-08-22 (commit 해시는 검수 패키지 단계 ⑦에서 기입)
discipline-tdd-final	s043-9.4	a122f2aa680fc10a6f615031552a2813ba74acdb15c81801d21575e94a050f1a	graph	a122f2aa680fc10a6f615031552a2813ba74acdb15c81801d21575e94a050f1a	3	1	pending	migrate:t1-pilot 2026-08-22 (commit 해시는 검수 패키지 단계 ⑦에서 기입)
discipline-tdd-final	s045-10.1	95f7532448351a819cac047ac4eac09c4f592ea0535966679bc2c56e660b4f92	graph	95f7532448351a819cac047ac4eac09c4f592ea0535966679bc2c56e660b4f92	2	1	pending	migrate:t1-pilot 2026-08-22 (commit 해시는 검수 패키지 단계 ⑦에서 기입)
discipline-tdd-final	s046-10.2	cb73d0d1f516383174a3c194cfd79215169ab98510d11049b77f174999281e45	graph	cb73d0d1f516383174a3c194cfd79215169ab98510d11049b77f174999281e45	2	1	pending	migrate:t1-pilot 2026-08-22 (commit 해시는 검수 패키지 단계 ⑦에서 기입)
discipline-tdd-final	s047-10.3	0ae640748995491b76aecbec4637d1fe4110b393595ce66da48f1a9df728e39a	graph	0ae640748995491b76aecbec4637d1fe4110b393595ce66da48f1a9df728e39a	3	1	pending	migrate:t1-pilot 2026-08-22 (commit 해시는 검수 패키지 단계 ⑦에서 기입)
discipline-tdd-final	s049-11.1	28a732dae4eebbc239bc82d8cd47ee3302188a699c636437187c1c5606fe1517	graph	28a732dae4eebbc239bc82d8cd47ee3302188a699c636437187c1c5606fe1517	1	2	pending	migrate:t1-pilot 2026-08-22 (commit 해시는 검수 패키지 단계 ⑦에서 기입)
discipline-tdd-final	s050-11.2	a3dab4de3205fcf6accb245f17c8e28549dc7ddf9afe60a2d6bae0dae3d11147	graph	a3dab4de3205fcf6accb245f17c8e28549dc7ddf9afe60a2d6bae0dae3d11147	1	1	pending	migrate:t1-pilot 2026-08-22 (commit 해시는 검수 패키지 단계 ⑦에서 기입)
discipline-tdd-final	s051-11.3	48571a6d625d69d6d9be972467942abe428d13cbd3115ef83c130569bfd396f7	graph	48571a6d625d69d6d9be972467942abe428d13cbd3115ef83c130569bfd396f7	8	6	pending	migrate:t1-pilot 2026-08-22 (commit 해시는 검수 패키지 단계 ⑦에서 기입)
discipline-tdd-final	s052-11.4	a2d2db3df45c448a61446fb73b6e9de1fe4bb1a6a2c1b53f177fe595fb8779b7	graph	a2d2db3df45c448a61446fb73b6e9de1fe4bb1a6a2c1b53f177fe595fb8779b7	2	1	pending	migrate:t1-pilot 2026-08-22 (commit 해시는 검수 패키지 단계 ⑦에서 기입)
discipline-tdd-final	s053-11.5	832c974c8dbe1d753ebaa3d7532af8e4855eedef4e75003e6d6926cd274720be	graph	832c974c8dbe1d753ebaa3d7532af8e4855eedef4e75003e6d6926cd274720be	1	1	pending	migrate:t1-pilot 2026-08-22 (commit 해시는 검수 패키지 단계 ⑦에서 기입)
discipline-tdd-final	s054-11.6	9083a3cd4c8aadc69face3be41042fe53b9ebfa30308eaa7c12de13a0b63c7a5	graph	9083a3cd4c8aadc69face3be41042fe53b9ebfa30308eaa7c12de13a0b63c7a5	2	1	pending	migrate:t1-pilot 2026-08-22 (commit 해시는 검수 패키지 단계 ⑦에서 기입)
discipline-tdd-final	s055-11.7	a1917451b2b06f2a138af8855e0f212857f13ae46279ddf7971cc7b335613f7b	graph	a1917451b2b06f2a138af8855e0f212857f13ae46279ddf7971cc7b335613f7b	1	1	pending	migrate:t1-pilot 2026-08-22 (commit 해시는 검수 패키지 단계 ⑦에서 기입)
discipline-tdd-final	s056-11.8	124b33841c325ef75daea2343ee8cdbcc0f68a82c333fea853d304929b4e5503	graph	124b33841c325ef75daea2343ee8cdbcc0f68a82c333fea853d304929b4e5503	2	1	pending	migrate:t1-pilot 2026-08-22 (commit 해시는 검수 패키지 단계 ⑦에서 기입)
discipline-tdd-final	s058-12.1	b47873565626dd64eeeced5bb752f521a5dc124fa8260cd1a64577f3a3d760f4	graph	b47873565626dd64eeeced5bb752f521a5dc124fa8260cd1a64577f3a3d760f4	11	0	pending	migrate:t1-pilot 2026-08-22 (commit 해시는 검수 패키지 단계 ⑦에서 기입)
discipline-tdd-final	s060-13	3e96273b0ad8ea506748bbc995bee4761fb97844dfab50d18d2b04777886e6ed	graph	3e96273b0ad8ea506748bbc995bee4761fb97844dfab50d18d2b04777886e6ed	2	1	pending	migrate:t1-pilot 2026-08-22 (commit 해시는 검수 패키지 단계 ⑦에서 기입)
discipline-tdd-final	s061-14	55ea9ef6656aec37c5b8eb9abb3b8fbf673e061c3c066f23b3d84a9f6c5ad5ac	graph	55ea9ef6656aec37c5b8eb9abb3b8fbf673e061c3c066f23b3d84a9f6c5ad5ac	2	1	pending	migrate:t1-pilot 2026-08-22 (commit 해시는 검수 패키지 단계 ⑦에서 기입)
discipline-tdd-final	s062-15	90e80785c4a5b2ce956d847447eb0bc72fd2b60cb365475989fc9a99c9b677db	graph	90e80785c4a5b2ce956d847447eb0bc72fd2b60cb365475989fc9a99c9b677db	2	1	pending	migrate:t1-pilot 2026-08-22 (commit 해시는 검수 패키지 단계 ⑦에서 기입)
discipline-tdd-final	s064-16.1	bc35bcc1e2728fd1bf0b836fa40d68674612b3f3b80d70f6864b862a030f5301	graph	bc35bcc1e2728fd1bf0b836fa40d68674612b3f3b80d70f6864b862a030f5301	11	1	pending	migrate:t1-pilot 2026-08-22 (commit 해시는 검수 패키지 단계 ⑦에서 기입)
discipline-tdd-final	s066-17.1	abcf4261ed55557a453ebed7c1464c81f4ec79afd0bee91c04fcf9622d5bb705	graph	abcf4261ed55557a453ebed7c1464c81f4ec79afd0bee91c04fcf9622d5bb705	3	2	pending	migrate:t1-pilot 2026-08-22 (commit 해시는 검수 패키지 단계 ⑦에서 기입)
discipline-tdd-final	s069-17.4	3cfe5d9ba96bcbca7925a75938cbad6393980360898aeac4d1e2033f94899481	graph	3cfe5d9ba96bcbca7925a75938cbad6393980360898aeac4d1e2033f94899481	2	6	pending	migrate:t1-pilot 2026-08-22 (commit 해시는 검수 패키지 단계 ⑦에서 기입)
discipline-tdd-final	s070-18	d723287679314446c27bdc80ce5a39f2806743c33a48518cb8749aa8998d3176	graph	d723287679314446c27bdc80ce5a39f2806743c33a48518cb8749aa8998d3176	2	1	pending	migrate:t1-pilot 2026-08-22 (commit 해시는 검수 패키지 단계 ⑦에서 기입)
implementation-django-web-final	s001	514b8a8ecff53f2f6295b1cbb0a953f87575d4aa562e59a2d9d6972e3c05ebc1	graph	514b8a8ecff53f2f6295b1cbb0a953f87575d4aa562e59a2d9d6972e3c05ebc1	3	2	pending	migrate:t1-pilot 2026-08-22 (commit 해시는 검수 패키지 단계 ⑦에서 기입)
implementation-django-web-final	s002-1	fb9dd8e919cc956a1e63bfa438bfa6b12afbcc0082fd58fa039375bf330e9469	graph	fb9dd8e919cc956a1e63bfa438bfa6b12afbcc0082fd58fa039375bf330e9469	10	12	pending	migrate:t1-pilot 2026-08-22 (commit 해시는 검수 패키지 단계 ⑦에서 기입)
implementation-django-web-final	s003-2	ce924aeb847832c4d2a3d91a6dc7ab54666814a8a73cecf1721b8622d0b4d7d5	graph	ce924aeb847832c4d2a3d91a6dc7ab54666814a8a73cecf1721b8622d0b4d7d5	10	11	pending	migrate:t1-pilot 2026-08-22 (commit 해시는 검수 패키지 단계 ⑦에서 기입)
implementation-django-web-final	s004-3	35b2a4233dad9486c7ef65a6b85757f5e39d57087665cc36cd211954f3b09412	graph	35b2a4233dad9486c7ef65a6b85757f5e39d57087665cc36cd211954f3b09412	7	10	pending	migrate:t1-pilot 2026-08-22 (commit 해시는 검수 패키지 단계 ⑦에서 기입)
implementation-django-web-final	s005-4	6b4e7afd233203e3b243c04e4d6787855c2cc2b98460f46c66cac2c8a8fc215e	graph	6b4e7afd233203e3b243c04e4d6787855c2cc2b98460f46c66cac2c8a8fc215e	17	14	pending	migrate:t1-pilot 2026-08-22 (commit 해시는 검수 패키지 단계 ⑦에서 기입)
implementation-django-web-final	s006-5	352866dcdb253a67cb0d07e5967f08a947eeccd427465b2acac9fa7aae957c49	graph	352866dcdb253a67cb0d07e5967f08a947eeccd427465b2acac9fa7aae957c49	8	10	pending	migrate:t1-pilot 2026-08-22 (commit 해시는 검수 패키지 단계 ⑦에서 기입)
implementation-django-web-final	s007-6	e978b86bedcaef85dc7d340ffa5064d34b4aa0fa80864bc7e79e955495a88eae	graph	e978b86bedcaef85dc7d340ffa5064d34b4aa0fa80864bc7e79e955495a88eae	9	7	pending	migrate:t1-pilot 2026-08-22 (commit 해시는 검수 패키지 단계 ⑦에서 기입)
implementation-django-web-final	s008-7	de705a07cf38343787d750b001e78a541c3e2d501246faca1e90f9dcd0cbf46c	graph	de705a07cf38343787d750b001e78a541c3e2d501246faca1e90f9dcd0cbf46c	9	6	pending	migrate:t1-pilot 2026-08-22 (commit 해시는 검수 패키지 단계 ⑦에서 기입)
implementation-django-web-final	s009-8	752af501d0652d62827b2a7ff5e8ff8583f9efa5ef2ee74942d729f4107d9f16	graph	752af501d0652d62827b2a7ff5e8ff8583f9efa5ef2ee74942d729f4107d9f16	8	12	pending	migrate:t1-pilot 2026-08-22 (commit 해시는 검수 패키지 단계 ⑦에서 기입)
implementation-django-web-final	s010-9	1aaa23ede6af01e14041847c05a7c844ae9ad41f0d363ab163e90026d7b6f578	graph	1aaa23ede6af01e14041847c05a7c844ae9ad41f0d363ab163e90026d7b6f578	6	6	pending	migrate:t1-pilot 2026-08-22 (commit 해시는 검수 패키지 단계 ⑦에서 기입)
implementation-django-web-final	s011-10	c8a447a3c363e535bcaaadff8747cdb202d416ae329edb76d5cb11198d5fa330	graph	c8a447a3c363e535bcaaadff8747cdb202d416ae329edb76d5cb11198d5fa330	12	14	pending	migrate:t1-pilot 2026-08-22 (commit 해시는 검수 패키지 단계 ⑦에서 기입)
implementation-django-web-final	s012-11	dcbd93d133f167e4ab9b81b14b8fb47943279986036c9d820ac66b406411499d	graph	dcbd93d133f167e4ab9b81b14b8fb47943279986036c9d820ac66b406411499d	15	24	pending	migrate:t1-pilot 2026-08-22 (commit 해시는 검수 패키지 단계 ⑦에서 기입)
architecture-db-final	s005-1.2	2a8dd0d3bb1b4d669e9af054caf98453e09e70b389a7cbeef00a7403044457da	graph	2a8dd0d3bb1b4d669e9af054caf98453e09e70b389a7cbeef00a7403044457da	4	1	pending	migrate:t1-pilot 2026-08-22 (commit 해시는 검수 패키지 단계 ⑦에서 기입)
architecture-db-final	s008-2.2	507b031c7efe1f03cf0fbd885e110fbb16f34289fd6a2335bd703f0cc6b9d838	graph	507b031c7efe1f03cf0fbd885e110fbb16f34289fd6a2335bd703f0cc6b9d838	2	2	pending	migrate:t1-pilot 2026-08-22 (commit 해시는 검수 패키지 단계 ⑦에서 기입)
architecture-db-final	s009-2.3	e57ebd9a13aa5725d5b9e58b39111f4ea1b23169227c4e7d6b5b4a10eebba757	graph	e57ebd9a13aa5725d5b9e58b39111f4ea1b23169227c4e7d6b5b4a10eebba757	7	1	pending	migrate:t1-pilot 2026-08-22 (commit 해시는 검수 패키지 단계 ⑦에서 기입)
architecture-db-final	s016-3.4	61e606cf967cd800b8ae60cf559984070bf618e7cb48cedca47971da9dbe79f6	graph	61e606cf967cd800b8ae60cf559984070bf618e7cb48cedca47971da9dbe79f6	3	0	pending	migrate:t1-pilot 2026-08-22 (commit 해시는 검수 패키지 단계 ⑦에서 기입)
architecture-db-final	s019-4.2	cb504dae318b52527dfb9efaa393057d3f457b7275880d5228d7ef7d86cb0669	graph	cb504dae318b52527dfb9efaa393057d3f457b7275880d5228d7ef7d86cb0669	1	2	pending	migrate:t1-pilot 2026-08-22 (commit 해시는 검수 패키지 단계 ⑦에서 기입)
architecture-db-final	s021-5	e84798cfa98d1c9b71bdc89cb881d1ad8ae5964ee552126f1de1a50e7818202f	graph	e84798cfa98d1c9b71bdc89cb881d1ad8ae5964ee552126f1de1a50e7818202f	5	2	pending	migrate:t1-pilot 2026-08-22 (commit 해시는 검수 패키지 단계 ⑦에서 기입)
architecture-db-final	s028-7.1	151ceff2aa0265d4bb9aea8348b200060a9ed82cd28d3806ae39e0304f727ed4	graph	151ceff2aa0265d4bb9aea8348b200060a9ed82cd28d3806ae39e0304f727ed4	4	2	pending	migrate:t1-pilot 2026-08-22 (commit 해시는 검수 패키지 단계 ⑦에서 기입)
architecture-db-final	s031-7.4	788fa7804abc6e00d5d1d3bb3a340b352da272039df95dfe5c2efde0d149268d	graph	788fa7804abc6e00d5d1d3bb3a340b352da272039df95dfe5c2efde0d149268d	8	4	pending	migrate:t1-pilot 2026-08-22 (commit 해시는 검수 패키지 단계 ⑦에서 기입)
architecture-db-final	s032-8	621a27762dc48b1690b0ca467af2f9a01ceea2649f969174b571441d36eb429b	graph	621a27762dc48b1690b0ca467af2f9a01ceea2649f969174b571441d36eb429b	1	1	pending	migrate:t1-pilot 2026-08-22 (commit 해시는 검수 패키지 단계 ⑦에서 기입)
architecture-db-final	s033-8.1	1337d847a5efe1860bb91915cdf9ca2597ad6dc604597c9a36ddfe2c85e78be9	graph	1337d847a5efe1860bb91915cdf9ca2597ad6dc604597c9a36ddfe2c85e78be9	7	5	pending	migrate:t1-pilot 2026-08-22 (commit 해시는 검수 패키지 단계 ⑦에서 기입)
architecture-db-final	s034-8.2	e62733b81d00cf486eb5fb8dbcdd4785a01be9c8d84902b12b318986f2a34749	graph	e62733b81d00cf486eb5fb8dbcdd4785a01be9c8d84902b12b318986f2a34749	8	3	pending	migrate:t1-pilot 2026-08-22 (commit 해시는 검수 패키지 단계 ⑦에서 기입)
architecture-db-final	s035-8.3	d65407364048f2316dbed14d7daa8b8859f7934f905267c6cf95869dedd56411	graph	d65407364048f2316dbed14d7daa8b8859f7934f905267c6cf95869dedd56411	9	5	pending	migrate:t1-pilot 2026-08-22 (commit 해시는 검수 패키지 단계 ⑦에서 기입)
architecture-db-final	s036-8.4	0c6d87a86c0ee3b73699f54e77111609df3199e3a35236743e9723ad634d76b9	graph	0c6d87a86c0ee3b73699f54e77111609df3199e3a35236743e9723ad634d76b9	6	4	pending	migrate:t1-pilot 2026-08-22 (commit 해시는 검수 패키지 단계 ⑦에서 기입)
architecture-db-final	s041-9.4	69d52ee84219e8334375b725443577018898c1fd3f66cd29f2057ee0b21d487c	graph	69d52ee84219e8334375b725443577018898c1fd3f66cd29f2057ee0b21d487c	6	1	pending	migrate:t1-pilot 2026-08-22 (commit 해시는 검수 패키지 단계 ⑦에서 기입)
architecture-db-final	s042-9.5	f0356d3b3b5489d0ee087377f659bd719c45a756e34aab6a8dea971bfd05903f	graph	f0356d3b3b5489d0ee087377f659bd719c45a756e34aab6a8dea971bfd05903f	12	18	pending	migrate:t1-pilot 2026-08-22 (commit 해시는 검수 패키지 단계 ⑦에서 기입)
architecture-db-final	s043-9.6	ef07b0d17b1903a81f58a1db870c51335c4740239fd22fc6fc6f3819fae6126a	graph	ef07b0d17b1903a81f58a1db870c51335c4740239fd22fc6fc6f3819fae6126a	15	12	pending	migrate:t1-pilot 2026-08-22 (commit 해시는 검수 패키지 단계 ⑦에서 기입)
architecture-db-final	s044-9.7	32fa2721be317ebe00bf2b393889e6cd6ef62afefd8f2dd7d6c421dbfab1087b	graph	32fa2721be317ebe00bf2b393889e6cd6ef62afefd8f2dd7d6c421dbfab1087b	12	12	pending	migrate:t1-pilot 2026-08-22 (commit 해시는 검수 패키지 단계 ⑦에서 기입)
architecture-db-final	s046-10.1	204c3f9610733794ab4dfa3ae26c4cf008386f485443491b7374cccaa2d0e462	graph	204c3f9610733794ab4dfa3ae26c4cf008386f485443491b7374cccaa2d0e462	8	1	pending	migrate:t1-pilot 2026-08-22 (commit 해시는 검수 패키지 단계 ⑦에서 기입)
architecture-db-final	s050-10.5	bc4504553a29a75f053425054bb1a3132ff2023dccf305ae1eb8a2c7447a25aa	graph	bc4504553a29a75f053425054bb1a3132ff2023dccf305ae1eb8a2c7447a25aa	8	3	pending	migrate:t1-pilot 2026-08-22 (commit 해시는 검수 패키지 단계 ⑦에서 기입)
architecture-db-final	s051-11	89db8ea95866ada4ba98c736fdaf224aed435f32925f3dd2159f641b98b4a0a5	graph	89db8ea95866ada4ba98c736fdaf224aed435f32925f3dd2159f641b98b4a0a5	1	2	pending	migrate:t1-pilot 2026-08-22 (commit 해시는 검수 패키지 단계 ⑦에서 기입)
architecture-db-final	s052-11.1	9e5e2633e45dfc88add20792feee9d699325210b0f1e56f6a973dc200cca8da6	graph	9e5e2633e45dfc88add20792feee9d699325210b0f1e56f6a973dc200cca8da6	7	2	pending	migrate:t1-pilot 2026-08-22 (commit 해시는 검수 패키지 단계 ⑦에서 기입)
architecture-db-final	s053-11.2	b6a5bda1263913978c6b46413f42d5958d07edf24520ce55d5d7b046b49398a8	graph	b6a5bda1263913978c6b46413f42d5958d07edf24520ce55d5d7b046b49398a8	6	5	pending	migrate:t1-pilot 2026-08-22 (commit 해시는 검수 패키지 단계 ⑦에서 기입)
architecture-db-final	s054-11.3	76ccc166d52b1cde2efa6ac8e999047e43dd29e19af129447e24699c112b5984	graph	76ccc166d52b1cde2efa6ac8e999047e43dd29e19af129447e24699c112b5984	8	5	pending	migrate:t1-pilot 2026-08-22 (commit 해시는 검수 패키지 단계 ⑦에서 기입)
architecture-db-final	s055-11.4	d7d7ed5fc056aaf9d29345843bc12a50da7d57cf50d9b6b9e2e0b7746f1d5995	graph	d7d7ed5fc056aaf9d29345843bc12a50da7d57cf50d9b6b9e2e0b7746f1d5995	8	1	pending	migrate:t1-pilot 2026-08-22 (commit 해시는 검수 패키지 단계 ⑦에서 기입)
architecture-db-final	s056-11.5	127dcee1afcf6a9b77fa9a0a16ff2c585cadbcc8e4ded5faeb269196d70c5885	graph	127dcee1afcf6a9b77fa9a0a16ff2c585cadbcc8e4ded5faeb269196d70c5885	4	1	pending	migrate:t1-pilot 2026-08-22 (commit 해시는 검수 패키지 단계 ⑦에서 기입)
architecture-db-final	s061-12.4	80f118c3e811b859a2ee9d29b59c49a35e1a4bb6cbbef291083536564d1b7e89	graph	80f118c3e811b859a2ee9d29b59c49a35e1a4bb6cbbef291083536564d1b7e89	8	4	pending	migrate:t1-pilot 2026-08-22 (commit 해시는 검수 패키지 단계 ⑦에서 기입)
architecture-db-final	s066-13.4	8db84a6fd9e88587a243620044d21d6dcb4975fc65a4b795d5202065560a43c2	graph	8db84a6fd9e88587a243620044d21d6dcb4975fc65a4b795d5202065560a43c2	3	1	pending	migrate:t1-pilot 2026-08-22 (commit 해시는 검수 패키지 단계 ⑦에서 기입)
architecture-db-final	s067-13.5	8a43533897bb933bbe9931c984aeeac2e15dbcae7a07346a8897cc2db0af6227	graph	8a43533897bb933bbe9931c984aeeac2e15dbcae7a07346a8897cc2db0af6227	8	4	pending	migrate:t1-pilot 2026-08-22 (commit 해시는 검수 패키지 단계 ⑦에서 기입)
agent-coder	s001	142a1a295354697b6bf431c3f07b7e46a354c229ee8567fe736cef6e1c053bcb	graph	142a1a295354697b6bf431c3f07b7e46a354c229ee8567fe736cef6e1c053bcb	6	4	pending	migrate:t1-pilot 2026-08-22 (commit 해시는 검수 패키지 단계 ⑦에서 기입)
agent-coder	s002	75f6ed7eb5a063bc98c6a47c8c0a1ebb11d979346b06d9d0fb9bf70c8ab0e65e	graph	75f6ed7eb5a063bc98c6a47c8c0a1ebb11d979346b06d9d0fb9bf70c8ab0e65e	5	2	pending	migrate:t1-pilot 2026-08-22 (commit 해시는 검수 패키지 단계 ⑦에서 기입)
agent-coder	s003	b67ce91f1c3a8c57f94672e14826173b9ef0f74c14d9042206da2ef3049a290a	graph	b67ce91f1c3a8c57f94672e14826173b9ef0f74c14d9042206da2ef3049a290a	1	4	pending	migrate:t1-pilot 2026-08-22 (commit 해시는 검수 패키지 단계 ⑦에서 기입)
agent-coder	s004	46c143e91adf91210d8e5eec8c4e37f63ef360f1fe70e8c65a2664205da8be30	graph	46c143e91adf91210d8e5eec8c4e37f63ef360f1fe70e8c65a2664205da8be30	24	98	pending	migrate:t1-pilot 2026-08-22 (commit 해시는 검수 패키지 단계 ⑦에서 기입)
agent-coder	s005	f7c4a6fe5fc65f6798e3949da7a0801b8a1e613c6c2de37852f9ca9a24cc60a4	graph	f7c4a6fe5fc65f6798e3949da7a0801b8a1e613c6c2de37852f9ca9a24cc60a4	4	4	pending	migrate:t1-pilot 2026-08-22 (commit 해시는 검수 패키지 단계 ⑦에서 기입)
agent-coder	s006	ffa1900fe756b057b3e86342f79062d55ffc98cea8216f1d49ae48f045515194	graph	ffa1900fe756b057b3e86342f79062d55ffc98cea8216f1d49ae48f045515194	5	12	pending	migrate:t1-pilot 2026-08-22 (commit 해시는 검수 패키지 단계 ⑦에서 기입)
agent-design-review-api	s001	cbcdf279fb76a7256944732f51099ef44171ebdbbc9ea6530b837b8f9def5c59	graph	cbcdf279fb76a7256944732f51099ef44171ebdbbc9ea6530b837b8f9def5c59	6	4	pending	migrate:t1-pilot 2026-08-22 (commit 해시는 검수 패키지 단계 ⑦에서 기입)
agent-design-review-api	s002	c9ea6874a25f37f6185ca2468905a8ccecf1ead802aac9412353b2f1eb20f648	graph	c9ea6874a25f37f6185ca2468905a8ccecf1ead802aac9412353b2f1eb20f648	3	4	pending	migrate:t1-pilot 2026-08-22 (commit 해시는 검수 패키지 단계 ⑦에서 기입)
agent-design-review-api	s003	5af11028d4e9dcd64d567717d02644f2f9f0550eff0b2288eb27f691fda97168	graph	5af11028d4e9dcd64d567717d02644f2f9f0550eff0b2288eb27f691fda97168	8	3	pending	migrate:t1-pilot 2026-08-22 (commit 해시는 검수 패키지 단계 ⑦에서 기입)
agent-design-review-api	s004	52585c3d4da1d3414d37434d5b7af72ba641b4a53531c2d1037b4a7460628c00	graph	52585c3d4da1d3414d37434d5b7af72ba641b4a53531c2d1037b4a7460628c00	6	13	pending	migrate:t1-pilot 2026-08-22 (commit 해시는 검수 패키지 단계 ⑦에서 기입)
agent-design-review-api	s005	7f619bc5a3cc56f2c2755f52bab42eebcc9e079bf02f94d1f7af3a34f9f2b13f	graph	7f619bc5a3cc56f2c2755f52bab42eebcc9e079bf02f94d1f7af3a34f9f2b13f	6	11	pending	migrate:t1-pilot 2026-08-22 (commit 해시는 검수 패키지 단계 ⑦에서 기입)
agent-design-review-api	s006	3622531ea8c546956d00fc1b627fc652f61a8d6ee471d5a6f87141e0872da7bd	graph	3622531ea8c546956d00fc1b627fc652f61a8d6ee471d5a6f87141e0872da7bd	20	66	pending	migrate:t1-pilot 2026-08-22 (commit 해시는 검수 패키지 단계 ⑦에서 기입)
agent-design-review-api	s007	fc5168d76f06f040d72067b203447ff99050fafaf8bdea5730d5f8724ce1a413	graph	fc5168d76f06f040d72067b203447ff99050fafaf8bdea5730d5f8724ce1a413	3	3	pending	migrate:t1-pilot 2026-08-22 (commit 해시는 검수 패키지 단계 ⑦에서 기입)
implementation-python-final	s001	a8dc8a615b0f3f7b1d183451d82618983c21d1e1000a8f9c629f801928562bbb	graph	a8dc8a615b0f3f7b1d183451d82618983c21d1e1000a8f9c629f801928562bbb	2	2	pending	migrate:t1-pilot 2026-08-22 (commit 해시는 검수 패키지 단계 ⑦에서 기입)
implementation-python-final	s004-1.2	80951eb40d3c21b62c5cbdb0cd90d31fb04526282afa900472d2e3dd93a601c2	graph	80951eb40d3c21b62c5cbdb0cd90d31fb04526282afa900472d2e3dd93a601c2	4	2	pending	migrate:t1-pilot 2026-08-22 (commit 해시는 검수 패키지 단계 ⑦에서 기입)
implementation-python-final	s005-1.3	e21853f05333fae9f9e7326cceb79f4095bd569388b7fa4dab305362386b507d	graph	e21853f05333fae9f9e7326cceb79f4095bd569388b7fa4dab305362386b507d	2	1	pending	migrate:t1-pilot 2026-08-22 (commit 해시는 검수 패키지 단계 ⑦에서 기입)
implementation-python-final	s007-1.5	e11056890dcc90cb3dc3b896a92c2ae6a189a941b9bb6f76d3f0d96b8d31be76	graph	e11056890dcc90cb3dc3b896a92c2ae6a189a941b9bb6f76d3f0d96b8d31be76	2	1	pending	migrate:t1-pilot 2026-08-22 (commit 해시는 검수 패키지 단계 ⑦에서 기입)
implementation-python-final	s013-1.11	1783331a7171324eedb0ddc3bb1b2c94bcedde203bea1a102ce3f593cc1c5199	graph	1783331a7171324eedb0ddc3bb1b2c94bcedde203bea1a102ce3f593cc1c5199	2	1	pending	migrate:t1-pilot 2026-08-22 (commit 해시는 검수 패키지 단계 ⑦에서 기입)
implementation-python-final	s014-1.12	5033bb420ce99590ad9a659132d204edde85e9dc1498fac2c7e49d6efba49641	graph	5033bb420ce99590ad9a659132d204edde85e9dc1498fac2c7e49d6efba49641	3	2	pending	migrate:t1-pilot 2026-08-22 (commit 해시는 검수 패키지 단계 ⑦에서 기입)
implementation-python-final	s025-3.3	5effcdc1bd03f9c887006dd890f6f2d0c6675c891f99e7e0e242a1682f270a55	graph	5effcdc1bd03f9c887006dd890f6f2d0c6675c891f99e7e0e242a1682f270a55	2	1	pending	migrate:t1-pilot 2026-08-22 (commit 해시는 검수 패키지 단계 ⑦에서 기입)
implementation-python-final	s032-4.4	4d4b3115daa25d25da70d1a9d15cc4937371d579b0d4a32abf78670707285d9e	graph	4d4b3115daa25d25da70d1a9d15cc4937371d579b0d4a32abf78670707285d9e	2	1	pending	migrate:t1-pilot 2026-08-22 (commit 해시는 검수 패키지 단계 ⑦에서 기입)
implementation-python-final	s035-5.1	806bb6a560ee62dcd6245305441334f3a06de9f6a3078ac27058cc64ca810641	graph	806bb6a560ee62dcd6245305441334f3a06de9f6a3078ac27058cc64ca810641	2	1	pending	migrate:t1-pilot 2026-08-22 (commit 해시는 검수 패키지 단계 ⑦에서 기입)
implementation-python-final	s037-5.3	6e2dda919e86bc467379bb8578c182af6bc4b3ec4f1a7492ec83cf8342bf7d0d	graph	6e2dda919e86bc467379bb8578c182af6bc4b3ec4f1a7492ec83cf8342bf7d0d	3	1	pending	migrate:t1-pilot 2026-08-22 (commit 해시는 검수 패키지 단계 ⑦에서 기입)
implementation-python-final	s039-6.1	96f892336187c00485a97125b973ebfe885c51f3952a2b14dc2ba8d487cc1501	graph	96f892336187c00485a97125b973ebfe885c51f3952a2b14dc2ba8d487cc1501	1	1	pending	migrate:t1-pilot 2026-08-22 (commit 해시는 검수 패키지 단계 ⑦에서 기입)
implementation-python-final	s040-6.2	666e507e5d0a233ffdf8ebceb422ab8a0435d7dfd57c9a20bfd6a30736566b5a	graph	666e507e5d0a233ffdf8ebceb422ab8a0435d7dfd57c9a20bfd6a30736566b5a	4	2	pending	migrate:t1-pilot 2026-08-22 (commit 해시는 검수 패키지 단계 ⑦에서 기입)
implementation-python-final	s042-7.1	f45aa99a7b380c46856168fe26a13c09047f697d43779855669c6242ab2c9eb7	graph	f45aa99a7b380c46856168fe26a13c09047f697d43779855669c6242ab2c9eb7	2	1	pending	migrate:t1-pilot 2026-08-22 (commit 해시는 검수 패키지 단계 ⑦에서 기입)
implementation-python-final	s045-8.1	fdf423e3fcab53f382bf7e8ad478efac81cbc71af363591d792991a06ce16886	graph	fdf423e3fcab53f382bf7e8ad478efac81cbc71af363591d792991a06ce16886	2	1	pending	migrate:t1-pilot 2026-08-22 (commit 해시는 검수 패키지 단계 ⑦에서 기입)
implementation-python-final	s046-8.2	00f7b3aef6607ccc6ae4aa36b2559ea55c233d3ae52c65ecae8f0f887b2474f3	graph	00f7b3aef6607ccc6ae4aa36b2559ea55c233d3ae52c65ecae8f0f887b2474f3	2	1	pending	migrate:t1-pilot 2026-08-22 (commit 해시는 검수 패키지 단계 ⑦에서 기입)
implementation-python-final	s048-8.4	3660089413995be87ceb2eeaa99d5f3d1d6794787afac00004dd2bb7ad2bcc7e	graph	3660089413995be87ceb2eeaa99d5f3d1d6794787afac00004dd2bb7ad2bcc7e	2	1	pending	migrate:t1-pilot 2026-08-22 (commit 해시는 검수 패키지 단계 ⑦에서 기입)
implementation-python-final	s049-8.5	fd74fc664662ca8edaa1ee4b9f9ae599531abac920d88278219079dd0198b9e0	graph	fd74fc664662ca8edaa1ee4b9f9ae599531abac920d88278219079dd0198b9e0	3	1	pending	migrate:t1-pilot 2026-08-22 (commit 해시는 검수 패키지 단계 ⑦에서 기입)
implementation-python-final	s050-8.6	fa3d29b335915afa6da812629cf9eb02d249198d82ad68e2d55d9ad5bb049ab4	graph	fa3d29b335915afa6da812629cf9eb02d249198d82ad68e2d55d9ad5bb049ab4	2	1	pending	migrate:t1-pilot 2026-08-22 (commit 해시는 검수 패키지 단계 ⑦에서 기입)
implementation-python-final	s053-8.9	b8279165c20f58e90213efaa040a1d41cd3a7e8a7b6f3c0abfe399db65c19887	graph	b8279165c20f58e90213efaa040a1d41cd3a7e8a7b6f3c0abfe399db65c19887	3	1	pending	migrate:t1-pilot 2026-08-22 (commit 해시는 검수 패키지 단계 ⑦에서 기입)
implementation-python-final	s061-10.1	3fb50a8613cb2d1e7824eae28bf9e3b4cd853c8244455711d8f5a5af88015def	graph	3fb50a8613cb2d1e7824eae28bf9e3b4cd853c8244455711d8f5a5af88015def	8	14	pending	migrate:t1-pilot 2026-08-22 (commit 해시는 검수 패키지 단계 ⑦에서 기입)
implementation-python-final	s063-10.3	ce9c0fe2f28dc4e71e9eea35c94f5496c1a76317c5c11eea084724f9e55f26a9	graph	ce9c0fe2f28dc4e71e9eea35c94f5496c1a76317c5c11eea084724f9e55f26a9	3	1	pending	migrate:t1-pilot 2026-08-22 (commit 해시는 검수 패키지 단계 ⑦에서 기입)
implementation-python-final	s070-11.1	d78fa05b5e466786bb08678333a08202a5ea30eb24440ebae7809a1107d1ba6f	graph	d78fa05b5e466786bb08678333a08202a5ea30eb24440ebae7809a1107d1ba6f	6	3	pending	migrate:t1-pilot 2026-08-22 (commit 해시는 검수 패키지 단계 ⑦에서 기입)
implementation-python-final	s071-12	49bf2304e8ebb0deaf4ae8dcaff26ef3266e9181c3da62184fb65bb6e065a18a	graph	49bf2304e8ebb0deaf4ae8dcaff26ef3266e9181c3da62184fb65bb6e065a18a	1	1	pending	migrate:t1-pilot 2026-08-22 (commit 해시는 검수 패키지 단계 ⑦에서 기입)
implementation-python-final	s072-12.0	2f84f27f9931537b49e3cc92c0efdd55bd6966e776c0ed5930e96aa2d41ba187	graph	2f84f27f9931537b49e3cc92c0efdd55bd6966e776c0ed5930e96aa2d41ba187	7	11	pending	migrate:t1-pilot 2026-08-22 (commit 해시는 검수 패키지 단계 ⑦에서 기입)
implementation-python-final	s081-13.5	2f61860e4f6f5e1807020206fb25f6f98296a5321e65aee90c75508af14e27f3	graph	2f61860e4f6f5e1807020206fb25f6f98296a5321e65aee90c75508af14e27f3	1	1	pending	migrate:t1-pilot 2026-08-22 (commit 해시는 검수 패키지 단계 ⑦에서 기입)
implementation-python-final	s089-15.2	bc08f48b9483a7b66d00cd9b71ad4724e2cc2ebb4606cc46618d4f7f8450b187	graph	bc08f48b9483a7b66d00cd9b71ad4724e2cc2ebb4606cc46618d4f7f8450b187	2	1	pending	migrate:t1-pilot 2026-08-22 (commit 해시는 검수 패키지 단계 ⑦에서 기입)
implementation-python-final	s090-15.3	5de32a2997362d03b8b838d2289bcfb0699421c696473f19bac38de191c18f29	graph	5de32a2997362d03b8b838d2289bcfb0699421c696473f19bac38de191c18f29	5	2	pending	migrate:t1-pilot 2026-08-22 (commit 해시는 검수 패키지 단계 ⑦에서 기입)
implementation-python-final	s092-16.1	1aa304427c1abc7d3fa542780313b953a076b56b0469626ca01eccc39e43a0ed	graph	1aa304427c1abc7d3fa542780313b953a076b56b0469626ca01eccc39e43a0ed	4	2	pending	migrate:t1-pilot 2026-08-22 (commit 해시는 검수 패키지 단계 ⑦에서 기입)
implementation-python-final	s093-16.2	956afed08ef6516a7f47b1aae65b13b28d8426f217852c7f008e4e84632ee116	graph	956afed08ef6516a7f47b1aae65b13b28d8426f217852c7f008e4e84632ee116	3	1	pending	migrate:t1-pilot 2026-08-22 (commit 해시는 검수 패키지 단계 ⑦에서 기입)
implementation-python-final	s094-16.3	c0845c18ae42abaff7d4ed3403897ddcf1c3a18d87c6b12b46e289b6918600c1	graph	c0845c18ae42abaff7d4ed3403897ddcf1c3a18d87c6b12b46e289b6918600c1	4	1	pending	migrate:t1-pilot 2026-08-22 (commit 해시는 검수 패키지 단계 ⑦에서 기입)
implementation-python-final	s098-17	a735e5c272e3396b4bc30d60c5f26e323cddae4b668615bb72ec55f510a34625	graph	a735e5c272e3396b4bc30d60c5f26e323cddae4b668615bb72ec55f510a34625	1	1	pending	migrate:t1-pilot 2026-08-22 (commit 해시는 검수 패키지 단계 ⑦에서 기입)
implementation-python-final	s109-19.4	6678f90251a7e38b3198acb8aac8b0e185df9d62c36bfc7e58d4533c89c414cd	graph	6678f90251a7e38b3198acb8aac8b0e185df9d62c36bfc7e58d4533c89c414cd	2	1	pending	migrate:t1-pilot 2026-08-22 (commit 해시는 검수 패키지 단계 ⑦에서 기입)
implementation-python-final	s110-19.5	02683f3a11c95759b2a83a678d03406df4bd6a67ad576ba083567d117291e2e0	graph	02683f3a11c95759b2a83a678d03406df4bd6a67ad576ba083567d117291e2e0	1	1	pending	migrate:t1-pilot 2026-08-22 (commit 해시는 검수 패키지 단계 ⑦에서 기입)
implementation-python-final	s111-19.6	f49a21ab1e56f2fafcae01582ed812bfcf5077d65221b7bcfa2817a3cfdcef1f	graph	f49a21ab1e56f2fafcae01582ed812bfcf5077d65221b7bcfa2817a3cfdcef1f	4	2	pending	migrate:t1-pilot 2026-08-22 (commit 해시는 검수 패키지 단계 ⑦에서 기입)
implementation-python-final	s112-20	097ddaaa084297d1515b64c09ad57d70699b5b65af3513b286c0982ede68d9ac	graph	097ddaaa084297d1515b64c09ad57d70699b5b65af3513b286c0982ede68d9ac	1	0	pending	migrate:t1-pilot 2026-08-22 (commit 해시는 검수 패키지 단계 ⑦에서 기입)
implementation-python-final	s116-21	e06154e5e1faa003af879cdd1be466e462056b7580ed9084d420d9ab84be4c33	graph	e06154e5e1faa003af879cdd1be466e462056b7580ed9084d420d9ab84be4c33	2	3	pending	migrate:t1-pilot 2026-08-22 (commit 해시는 검수 패키지 단계 ⑦에서 기입)
implementation-python-final	s118-22.1	c2a6954d7c3ce8761584cb0aceb7cf3116f3ef46f62e0088a070045557685487	graph	c2a6954d7c3ce8761584cb0aceb7cf3116f3ef46f62e0088a070045557685487	1	1	pending	migrate:t1-pilot 2026-08-22 (commit 해시는 검수 패키지 단계 ⑦에서 기입)
implementation-python-final	s121-23.1	6606576f2824ac8dc558bb8f1c3021aee8b4f1da784284e3108a2952a5c0ae8c	graph	6606576f2824ac8dc558bb8f1c3021aee8b4f1da784284e3108a2952a5c0ae8c	1	1	pending	migrate:t1-pilot 2026-08-22 (commit 해시는 검수 패키지 단계 ⑦에서 기입)
implementation-python-final	s122-23.2	5dc76dc9b5eb1e2fce54b7be4f8c21c982ba25c38e79b41e753422b3bf0a1f04	graph	5dc76dc9b5eb1e2fce54b7be4f8c21c982ba25c38e79b41e753422b3bf0a1f04	1	1	pending	migrate:t1-pilot 2026-08-22 (commit 해시는 검수 패키지 단계 ⑦에서 기입)
implementation-python-final	s124-24	be532b00b627b10debb686ccef21aef7dafdf087851e02ac693346d061e375c0	graph	be532b00b627b10debb686ccef21aef7dafdf087851e02ac693346d061e375c0	2	1	pending	migrate:t1-pilot 2026-08-22 (commit 해시는 검수 패키지 단계 ⑦에서 기입)
implementation-python-final	s126-25.1	1ed99abe1e0cdd5af5327a0f23165ab2f78d48b6ef1526d8650785197c2a55b3	graph	1ed99abe1e0cdd5af5327a0f23165ab2f78d48b6ef1526d8650785197c2a55b3	2	1	pending	migrate:t1-pilot 2026-08-22 (commit 해시는 검수 패키지 단계 ⑦에서 기입)
implementation-python-final	s129-26.1	fbbd09f110f0600b877232956d9b1554f5e961fde4a859fee4091d98578d3fb8	graph	fbbd09f110f0600b877232956d9b1554f5e961fde4a859fee4091d98578d3fb8	7	6	pending	migrate:t1-pilot 2026-08-22 (commit 해시는 검수 패키지 단계 ⑦에서 기입)
architecture-ddd-skill	s001	4a14e6766959aebd3a62e75f54274c52c208e7317915d4ac37d6d9e757025478	graph	4a14e6766959aebd3a62e75f54274c52c208e7317915d4ac37d6d9e757025478	4	2	pending	migrate:t1-pilot 2026-08-22 (commit 해시는 검수 패키지 단계 ⑦에서 기입)
architecture-ddd-skill	s003	6b8ab53baec953a5170d6fb93f10fcdd15e9846ed2ef25b3956ad1e8fffbf7a2	graph	6b8ab53baec953a5170d6fb93f10fcdd15e9846ed2ef25b3956ad1e8fffbf7a2	4	4	pending	migrate:t1-pilot 2026-08-22 (commit 해시는 검수 패키지 단계 ⑦에서 기입)
architecture-ddd-skill	s004	1fe481024fa70a2411b882c59f83cbaded91c511edbac56d7918ca481415590e	graph	1fe481024fa70a2411b882c59f83cbaded91c511edbac56d7918ca481415590e	10	19	pending	migrate:t1-pilot 2026-08-22 (commit 해시는 검수 패키지 단계 ⑦에서 기입)
architecture-ddd-skill	s005	1361fad71d6871cb0c256753d40fb060c3a61ac5210050a8613bc1a269dea123	graph	1361fad71d6871cb0c256753d40fb060c3a61ac5210050a8613bc1a269dea123	12	2	pending	migrate:t1-pilot 2026-08-22 (commit 해시는 검수 패키지 단계 ⑦에서 기입)
architecture-db-skill	s001	22c2bfada884a5c6193a998a48e84e7372de8bf347e73f625dfaf295fc9ad078	graph	22c2bfada884a5c6193a998a48e84e7372de8bf347e73f625dfaf295fc9ad078	4	2	pending	migrate:t1-pilot 2026-08-22 (commit 해시는 검수 패키지 단계 ⑦에서 기입)
architecture-db-skill	s003	83fdacedce81b8c22faeaa526305c3146413595c28db0cc3f0a1c6e814b3aaa9	graph	83fdacedce81b8c22faeaa526305c3146413595c28db0cc3f0a1c6e814b3aaa9	4	4	pending	migrate:t1-pilot 2026-08-22 (commit 해시는 검수 패키지 단계 ⑦에서 기입)
architecture-db-skill	s004	17411580d859880404da0e6ae5a6909955f9d9880e1861ff6da6f945f49b6391	graph	17411580d859880404da0e6ae5a6909955f9d9880e1861ff6da6f945f49b6391	7	15	pending	migrate:t1-pilot 2026-08-22 (commit 해시는 검수 패키지 단계 ⑦에서 기입)
architecture-db-skill	s005	b57a2efe6508b6abe8aeb671a00480ec3d91d28e2e87271f0411e41e8fff0696	graph	b57a2efe6508b6abe8aeb671a00480ec3d91d28e2e87271f0411e41e8fff0696	17	2	pending	migrate:t1-pilot 2026-08-22 (commit 해시는 검수 패키지 단계 ⑦에서 기입)
architecture-api-skill	s001	3881b53f37bc5e099895a1968891a15e16756fd49b2019bea9782c1d62c1ed7f	graph	3881b53f37bc5e099895a1968891a15e16756fd49b2019bea9782c1d62c1ed7f	4	2	pending	migrate:t1-pilot 2026-08-22 (commit 해시는 검수 패키지 단계 ⑦에서 기입)
architecture-api-skill	s003	30cae3ae86bbbeece77b7a5ce315d591afac8d8e9862c1a8fd591c31b0f2a117	graph	30cae3ae86bbbeece77b7a5ce315d591afac8d8e9862c1a8fd591c31b0f2a117	6	6	pending	migrate:t1-pilot 2026-08-22 (commit 해시는 검수 패키지 단계 ⑦에서 기입)
architecture-api-skill	s004	1fe4b993f24938fe93fcbe05b1327838f4d33fbf6adf12a0e093997baaf05329	graph	1fe4b993f24938fe93fcbe05b1327838f4d33fbf6adf12a0e093997baaf05329	8	19	pending	migrate:t1-pilot 2026-08-22 (commit 해시는 검수 패키지 단계 ⑦에서 기입)
architecture-api-skill	s005	43dcf62e3b855cbcfdbbb4d67d056ffc284fc0f5baae019d3ec91255673e6ef0	graph	43dcf62e3b855cbcfdbbb4d67d056ffc284fc0f5baae019d3ec91255673e6ef0	18	2	pending	migrate:t1-pilot 2026-08-22 (commit 해시는 검수 패키지 단계 ⑦에서 기입)
implementation-django-skill	s001	24e7ac8bed064b153ffd7d04596532c5ac00003e0c0c86e7b1f0f0d53e2a757f	graph	24e7ac8bed064b153ffd7d04596532c5ac00003e0c0c86e7b1f0f0d53e2a757f	4	2	pending	migrate:t1-pilot 2026-08-22 (commit 해시는 검수 패키지 단계 ⑦에서 기입)
implementation-django-skill	s003	c5c62b0551e7668f222f77b5c4824d8131d716b9e34ecb0f48f998972192064d	graph	c5c62b0551e7668f222f77b5c4824d8131d716b9e34ecb0f48f998972192064d	7	7	pending	migrate:t1-pilot 2026-08-22 (commit 해시는 검수 패키지 단계 ⑦에서 기입)
implementation-django-skill	s004	537503d98f201b8facc43e681f9ac19ae4bd8b8b05d61b8f3c7a5689b79b94a0	graph	537503d98f201b8facc43e681f9ac19ae4bd8b8b05d61b8f3c7a5689b79b94a0	8	14	pending	migrate:t1-pilot 2026-08-22 (commit 해시는 검수 패키지 단계 ⑦에서 기입)
implementation-django-skill	s005	ba0c5c1bb6342f7854eb1e9ef2976f5aa683bf98d4c3c56f009e77a87a71dcba	graph	ba0c5c1bb6342f7854eb1e9ef2976f5aa683bf98d4c3c56f009e77a87a71dcba	18	2	pending	migrate:t1-pilot 2026-08-22 (commit 해시는 검수 패키지 단계 ⑦에서 기입)
implementation-django-ninja-skill	s001	d961f84f996bbdef7b046fa9799d918db5110a53c873888ba71514f1d472ac56	graph	d961f84f996bbdef7b046fa9799d918db5110a53c873888ba71514f1d472ac56	4	2	pending	migrate:t1-pilot 2026-08-22 (commit 해시는 검수 패키지 단계 ⑦에서 기입)
implementation-django-ninja-skill	s003	663d2a2d12411970b8d50b2b905fd420c7e5740b7e5a71d3944d7f31fe761e70	graph	663d2a2d12411970b8d50b2b905fd420c7e5740b7e5a71d3944d7f31fe761e70	5	5	pending	migrate:t1-pilot 2026-08-22 (commit 해시는 검수 패키지 단계 ⑦에서 기입)
implementation-django-ninja-skill	s004	dd1c9c5e065025dd5bc4639b8c39275626e45fdabb96a35f1fb5b84fba8b0606	graph	dd1c9c5e065025dd5bc4639b8c39275626e45fdabb96a35f1fb5b84fba8b0606	17	55	pending	migrate:t1-pilot 2026-08-22 (commit 해시는 검수 패키지 단계 ⑦에서 기입)
implementation-django-ninja-skill	s005	4624aece51e4d8b1fc431bb629bb8f3c97e74485b81cb0c231c9746407fd5bef	graph	4624aece51e4d8b1fc431bb629bb8f3c97e74485b81cb0c231c9746407fd5bef	14	2	pending	migrate:t1-pilot 2026-08-22 (commit 해시는 검수 패키지 단계 ⑦에서 기입)
implementation-django-web-skill	s001	dd7d8b84341a8c468d64f67a912883292d7bb2341b98402f1e502c5fe53373ec	graph	dd7d8b84341a8c468d64f67a912883292d7bb2341b98402f1e502c5fe53373ec	4	2	pending	migrate:t1-pilot 2026-08-22 (commit 해시는 검수 패키지 단계 ⑦에서 기입)
implementation-django-web-skill	s003	17f460eca1aae50c4bea4ea25ae0b54607bf713bba47b1be6192123530f404e6	graph	17f460eca1aae50c4bea4ea25ae0b54607bf713bba47b1be6192123530f404e6	7	7	pending	migrate:t1-pilot 2026-08-22 (commit 해시는 검수 패키지 단계 ⑦에서 기입)
implementation-django-web-skill	s004	650fc3072c7647ee5d033d29de796b294bb24773be30979a4c7530b92b8f121b	graph	650fc3072c7647ee5d033d29de796b294bb24773be30979a4c7530b92b8f121b	9	16	pending	migrate:t1-pilot 2026-08-22 (commit 해시는 검수 패키지 단계 ⑦에서 기입)
implementation-django-web-skill	s005	cf878795a0db2d085fd2317f7a5eedb72a88043083212c2976a49da636e3ccb0	graph	cf878795a0db2d085fd2317f7a5eedb72a88043083212c2976a49da636e3ccb0	14	2	pending	migrate:t1-pilot 2026-08-22 (commit 해시는 검수 패키지 단계 ⑦에서 기입)
implementation-python-skill	s001	64c532c68928488d5cba8d4562b770a72fe244ecb259c253d1dca206846dbe24	graph	64c532c68928488d5cba8d4562b770a72fe244ecb259c253d1dca206846dbe24	4	2	pending	migrate:t1-pilot 2026-08-22 (commit 해시는 검수 패키지 단계 ⑦에서 기입)
implementation-python-skill	s003	457b8dcd11fdbdb05959bee26a012a36410114aafe4dcf62069802f184412a85	graph	457b8dcd11fdbdb05959bee26a012a36410114aafe4dcf62069802f184412a85	5	5	pending	migrate:t1-pilot 2026-08-22 (commit 해시는 검수 패키지 단계 ⑦에서 기입)
implementation-python-skill	s004	186864339fe7bfcfeed38c606202c985709c4a97b1253c75d3fd2d4b557e19ee	graph	186864339fe7bfcfeed38c606202c985709c4a97b1253c75d3fd2d4b557e19ee	11	13	pending	migrate:t1-pilot 2026-08-22 (commit 해시는 검수 패키지 단계 ⑦에서 기입)
implementation-python-skill	s005	32e08dc1b9eb4bcf7e9da836a320cfd93232359fbdea7e04897b4b0380e683c2	graph	32e08dc1b9eb4bcf7e9da836a320cfd93232359fbdea7e04897b4b0380e683c2	32	2	pending	migrate:t1-pilot 2026-08-22 (commit 해시는 검수 패키지 단계 ⑦에서 기입)
implementation-test-skill	s001	d1b14e195a5c857e6cd377c3d0507f5551f7537263f1e9110d64e9de8c2f9020	graph	d1b14e195a5c857e6cd377c3d0507f5551f7537263f1e9110d64e9de8c2f9020	4	2	pending	migrate:t1-pilot 2026-08-22 (commit 해시는 검수 패키지 단계 ⑦에서 기입)
implementation-test-skill	s003	21ef17698310637312cb423d3e138306bb4508777ce7d29cafb9c64f631cda57	graph	21ef17698310637312cb423d3e138306bb4508777ce7d29cafb9c64f631cda57	5	8	pending	migrate:t1-pilot 2026-08-22 (commit 해시는 검수 패키지 단계 ⑦에서 기입)
implementation-test-skill	s004	7dfed9f89973d7f3a32d77c26edb11c92d3132eabdc50c9c82a2d4022463c024	graph	7dfed9f89973d7f3a32d77c26edb11c92d3132eabdc50c9c82a2d4022463c024	19	34	pending	migrate:t1-pilot 2026-08-22 (commit 해시는 검수 패키지 단계 ⑦에서 기입)
implementation-test-skill	s005	bcb69e7130d6e0bd945d55c13476e0464750c805f235a65baffb0f3c299b319e	graph	bcb69e7130d6e0bd945d55c13476e0464750c805f235a65baffb0f3c299b319e	24	2	pending	migrate:t1-pilot 2026-08-22 (commit 해시는 검수 패키지 단계 ⑦에서 기입)
discipline-tdd-skill	s001	237ab84a29ac91a6f69667290700de288170f0639a1addd47c64d779343cedb6	graph	237ab84a29ac91a6f69667290700de288170f0639a1addd47c64d779343cedb6	4	2	pending	migrate:t1-pilot 2026-08-22 (commit 해시는 검수 패키지 단계 ⑦에서 기입)
discipline-tdd-skill	s003	22645a8dc56925ef63f11e07971e00211c9a5bee0e99abeb12e59b898b8de23e	graph	22645a8dc56925ef63f11e07971e00211c9a5bee0e99abeb12e59b898b8de23e	5	5	pending	migrate:t1-pilot 2026-08-22 (commit 해시는 검수 패키지 단계 ⑦에서 기입)
discipline-tdd-skill	s004	25e27e2ea1c4a63979e940f62dfbab6bcad8d07349e8a0f0151677ad1a2797e7	graph	25e27e2ea1c4a63979e940f62dfbab6bcad8d07349e8a0f0151677ad1a2797e7	12	17	pending	migrate:t1-pilot 2026-08-22 (commit 해시는 검수 패키지 단계 ⑦에서 기입)
discipline-tdd-skill	s005	b576bdbfad15d9d713493ba97f1e16c4623e3aa7deba5336fcba0a958e3184c4	graph	b576bdbfad15d9d713493ba97f1e16c4623e3aa7deba5336fcba0a958e3184c4	16	2	pending	migrate:t1-pilot 2026-08-22 (commit 해시는 검수 패키지 단계 ⑦에서 기입)
discipline-cleancode-skill	s001	34620531d59b06bf740dacf83c8d68cb583ba1bdcdf146046f3a7813bb7da0ca	graph	34620531d59b06bf740dacf83c8d68cb583ba1bdcdf146046f3a7813bb7da0ca	4	2	pending	migrate:t1-pilot 2026-08-22 (commit 해시는 검수 패키지 단계 ⑦에서 기입)
discipline-cleancode-skill	s003	d2508fb5878ad9b5f00027a67af687363fed2447956e579be2e34cacf773894d	graph	d2508fb5878ad9b5f00027a67af687363fed2447956e579be2e34cacf773894d	5	5	pending	migrate:t1-pilot 2026-08-22 (commit 해시는 검수 패키지 단계 ⑦에서 기입)
discipline-cleancode-skill	s004	706786132b50c48951d4538fd4ba7932f88dc006002474fe9704f39748b1bc08	graph	706786132b50c48951d4538fd4ba7932f88dc006002474fe9704f39748b1bc08	11	11	pending	migrate:t1-pilot 2026-08-22 (commit 해시는 검수 패키지 단계 ⑦에서 기입)
discipline-cleancode-skill	s005	b722368b1066cd7e5a543607fa747f6b63c98aa63b0a0e231d3ec20b5d8da2cb	graph	b722368b1066cd7e5a543607fa747f6b63c98aa63b0a0e231d3ec20b5d8da2cb	20	2	pending	migrate:t1-pilot 2026-08-22 (commit 해시는 검수 패키지 단계 ⑦에서 기입)
discipline-houserules-skill	s001	537dc36542c943f700fc75be062550d59d479585d59548a5ce510636469a430d	graph	537dc36542c943f700fc75be062550d59d479585d59548a5ce510636469a430d	4	4	pending	migrate:t1-pilot 2026-08-22 (commit 해시는 검수 패키지 단계 ⑦에서 기입)
discipline-houserules-skill	s003	8dfb8e8e4cdf3956d01f7901d858e3fd3b261f672c26bcc327963014ab3bceb1	graph	8dfb8e8e4cdf3956d01f7901d858e3fd3b261f672c26bcc327963014ab3bceb1	7	7	pending	migrate:t1-pilot 2026-08-22 (commit 해시는 검수 패키지 단계 ⑦에서 기입)
discipline-houserules-skill	s004-1	91601714dd752677e5aba73f890b432e6416aa8eabfe8ea4ba6e554eb042334b	graph	91601714dd752677e5aba73f890b432e6416aa8eabfe8ea4ba6e554eb042334b	6	28	pending	migrate:t1-pilot 2026-08-22 (commit 해시는 검수 패키지 단계 ⑦에서 기입)
discipline-houserules-skill	s005-2	378d9bbf1b03d2e05565da4c298e98cbb642e619169d9baee53021024d54703e	graph	378d9bbf1b03d2e05565da4c298e98cbb642e619169d9baee53021024d54703e	1	3	pending	migrate:t1-pilot 2026-08-22 (commit 해시는 검수 패키지 단계 ⑦에서 기입)
discipline-houserules-skill	s006-3	c64723c138c98a0bfb81185519a0d77440fd7d93d85e8ea1e584ab56f1c03a64	graph	c64723c138c98a0bfb81185519a0d77440fd7d93d85e8ea1e584ab56f1c03a64	7	7	pending	migrate:t1-pilot 2026-08-22 (commit 해시는 검수 패키지 단계 ⑦에서 기입)
discipline-houserules-skill	s007-4	b2e965288ac9406df9a9e373312e1f0f52158eca224f76daa43e639842c5fd13	graph	b2e965288ac9406df9a9e373312e1f0f52158eca224f76daa43e639842c5fd13	6	9	pending	migrate:t1-pilot 2026-08-22 (commit 해시는 검수 패키지 단계 ⑦에서 기입)
discipline-houserules-skill	s008-4.1	8817b8ee74808c14be29155d50f3496656c09012c3d2b8518e7761660c71fef3	graph	8817b8ee74808c14be29155d50f3496656c09012c3d2b8518e7761660c71fef3	1	2	pending	migrate:t1-pilot 2026-08-22 (commit 해시는 검수 패키지 단계 ⑦에서 기입)
discipline-houserules-skill	s009-5	f8952879b90ba9d1fe5e360494654d7397035d0f4669674ab913b4284881987b	graph	f8952879b90ba9d1fe5e360494654d7397035d0f4669674ab913b4284881987b	1	4	pending	migrate:t1-pilot 2026-08-22 (commit 해시는 검수 패키지 단계 ⑦에서 기입)
discipline-houserules-skill	s011-6.1	b8f12e99d3e8d82dd83cb0a15a00cd0a0290a8fbdcf059f49586947b17eeacec	graph	b8f12e99d3e8d82dd83cb0a15a00cd0a0290a8fbdcf059f49586947b17eeacec	1	1	pending	migrate:t1-pilot 2026-08-22 (commit 해시는 검수 패키지 단계 ⑦에서 기입)
discipline-houserules-skill	s012-6.2	a357189193aeaab896f4e11486d33801606c57f2745d0e8a429e1a9d02c45341	graph	a357189193aeaab896f4e11486d33801606c57f2745d0e8a429e1a9d02c45341	6	10	pending	migrate:t1-pilot 2026-08-22 (commit 해시는 검수 패키지 단계 ⑦에서 기입)
discipline-houserules-final	s001	863ae6e3b74f08af8ef83d6ea05653035a5ed57cd6ead3af73464b41039d95e8	graph	863ae6e3b74f08af8ef83d6ea05653035a5ed57cd6ead3af73464b41039d95e8	2	3	pending	migrate:t1-pilot 2026-08-22 (commit 해시는 검수 패키지 단계 ⑦에서 기입)
discipline-houserules-final	s002	e73a74861bb9ee1e391e433abb609690d5e97c1c4eb7ec0de1ecffdf87206dd2	graph	e73a74861bb9ee1e391e433abb609690d5e97c1c4eb7ec0de1ecffdf87206dd2	2	1	pending	migrate:t1-pilot 2026-08-22 (commit 해시는 검수 패키지 단계 ⑦에서 기입)
discipline-houserules-final	s003-0	f62a35805be683d5ba4ab54fda4953e3e108051ff39978e8a7875ad2095f793f	graph	f62a35805be683d5ba4ab54fda4953e3e108051ff39978e8a7875ad2095f793f	8	12	pending	migrate:t1-pilot 2026-08-22 (commit 해시는 검수 패키지 단계 ⑦에서 기입)
discipline-houserules-final	s004-1	61dbd5f1e9796dca931e2e6414a6cf5872fbea943a73f67460582d0cb06dea3a	graph	61dbd5f1e9796dca931e2e6414a6cf5872fbea943a73f67460582d0cb06dea3a	7	3	pending	migrate:t1-pilot 2026-08-22 (commit 해시는 검수 패키지 단계 ⑦에서 기입)
discipline-houserules-final	s006	a71099fefe08b35ce1e68670c313897bc7169cc9cbcafb4fb2b6ceb2b0fccabe	graph	a71099fefe08b35ce1e68670c313897bc7169cc9cbcafb4fb2b6ceb2b0fccabe	4	7	pending	migrate:t1-pilot 2026-08-22 (commit 해시는 검수 패키지 단계 ⑦에서 기입)
discipline-houserules-final	s007	6125f69912b74969086300389ccc03a2e72675e80512774d1edb3d63ca3de5f0	graph	6125f69912b74969086300389ccc03a2e72675e80512774d1edb3d63ca3de5f0	6	8	pending	migrate:t1-pilot 2026-08-22 (commit 해시는 검수 패키지 단계 ⑦에서 기입)
discipline-houserules-final	s008	22a30bf41fde565013a58786d9c368bd5f142d715f2d9e17511b11042e3f20ea	graph	22a30bf41fde565013a58786d9c368bd5f142d715f2d9e17511b11042e3f20ea	4	5	pending	migrate:t1-pilot 2026-08-22 (commit 해시는 검수 패키지 단계 ⑦에서 기입)
discipline-houserules-final	s009	9bf0c7b214f6ed20a5c1bbea4df55bdeabd64f1849bdf957a80041a1da1d3a3f	graph	9bf0c7b214f6ed20a5c1bbea4df55bdeabd64f1849bdf957a80041a1da1d3a3f	1	3	pending	migrate:t1-pilot 2026-08-22 (commit 해시는 검수 패키지 단계 ⑦에서 기입)
discipline-houserules-final	s010	973a8531fdfa0ceb0e86cce4ece5b468d56f8f25649261509e28b6e1cc1c4aea	graph	973a8531fdfa0ceb0e86cce4ece5b468d56f8f25649261509e28b6e1cc1c4aea	4	5	pending	migrate:t1-pilot 2026-08-22 (commit 해시는 검수 패키지 단계 ⑦에서 기입)
discipline-houserules-final	s011-3	82fb0aa48ba09d2b012434f68f08bd0d7d6948cc7ba6b7f5a3512b2eb0d52fea	graph	82fb0aa48ba09d2b012434f68f08bd0d7d6948cc7ba6b7f5a3512b2eb0d52fea	2	3	pending	migrate:t1-pilot 2026-08-22 (commit 해시는 검수 패키지 단계 ⑦에서 기입)
discipline-houserules-final	s013	a2afbb5f1f6acd756528aaf7e3217fde841a89c1edad2342fbe42c2c48197edd	graph	a2afbb5f1f6acd756528aaf7e3217fde841a89c1edad2342fbe42c2c48197edd	1	2	pending	migrate:t1-pilot 2026-08-22 (commit 해시는 검수 패키지 단계 ⑦에서 기입)
discipline-houserules-final	s014	2fe0274e64eb32ba0891ce1debf4f114df97ec531aa1a83ce94d95f022006e44	graph	2fe0274e64eb32ba0891ce1debf4f114df97ec531aa1a83ce94d95f022006e44	1	3	pending	migrate:t1-pilot 2026-08-22 (commit 해시는 검수 패키지 단계 ⑦에서 기입)
discipline-houserules-final	s015	09c43059b67834d7b15e307b371e14baa2a346bfc19563f16f888583394f1104	graph	09c43059b67834d7b15e307b371e14baa2a346bfc19563f16f888583394f1104	1	1	pending	migrate:t1-pilot 2026-08-22 (commit 해시는 검수 패키지 단계 ⑦에서 기입)
discipline-houserules-final	s016	6879b8086c3439e43a678360f062be9781a5ac7e12be7b7d64d870408171b322	graph	6879b8086c3439e43a678360f062be9781a5ac7e12be7b7d64d870408171b322	1	1	pending	migrate:t1-pilot 2026-08-22 (commit 해시는 검수 패키지 단계 ⑦에서 기입)
discipline-houserules-final	s017	3479e804ac0b1f15cc7f615d9ff5388db090c308477f0651478a9f3ee4232279	graph	3479e804ac0b1f15cc7f615d9ff5388db090c308477f0651478a9f3ee4232279	1	1	pending	migrate:t1-pilot 2026-08-22 (commit 해시는 검수 패키지 단계 ⑦에서 기입)
agent-acceptance-tester	s001	3803c9a8fa7cc9cb6ea58fbb64cd572e7c7321be96a5842f85708305fe22355f	graph	3803c9a8fa7cc9cb6ea58fbb64cd572e7c7321be96a5842f85708305fe22355f	6	6	pending	migrate:t1-pilot 2026-08-22 (commit 해시는 검수 패키지 단계 ⑦에서 기입)
agent-acceptance-tester	s002	57f202ead2eafc4be4d02e30291f23b7346f683079ab7b165e67cc7987bd2515	graph	57f202ead2eafc4be4d02e30291f23b7346f683079ab7b165e67cc7987bd2515	1	5	pending	migrate:t1-pilot 2026-08-22 (commit 해시는 검수 패키지 단계 ⑦에서 기입)
agent-acceptance-tester	s003	9a717932afb146f346fce2994e75c1ca502b698622952d57c545664ba9f78bf4	graph	9a717932afb146f346fce2994e75c1ca502b698622952d57c545664ba9f78bf4	1	5	pending	migrate:t1-pilot 2026-08-22 (commit 해시는 검수 패키지 단계 ⑦에서 기입)
agent-acceptance-tester	s004	7d9e448427f2ecaac682629646a0380cae26fad3897da4b7de2a2a7d9c39c100	graph	7d9e448427f2ecaac682629646a0380cae26fad3897da4b7de2a2a7d9c39c100	23	64	pending	migrate:t1-pilot 2026-08-22 (commit 해시는 검수 패키지 단계 ⑦에서 기입)
agent-acceptance-tester	s005	0ce20b339e86ca74278d6e57f07c354a02ac824146ba6e487cc65e3e95017cbb	graph	0ce20b339e86ca74278d6e57f07c354a02ac824146ba6e487cc65e3e95017cbb	4	7	pending	migrate:t1-pilot 2026-08-22 (commit 해시는 검수 패키지 단계 ⑦에서 기입)
agent-design-review-db	s001	8df52f01ee6740e08b82e568a772a3a97ad20ba75b8ae5fe551516daa018a375	graph	8df52f01ee6740e08b82e568a772a3a97ad20ba75b8ae5fe551516daa018a375	6	4	pending	migrate:t1-pilot 2026-08-22 (commit 해시는 검수 패키지 단계 ⑦에서 기입)
agent-design-review-db	s002	849bfc02fb9944c89780ad1e01696330c3e0dfeac6384f4e7187bd8216cd41aa	graph	849bfc02fb9944c89780ad1e01696330c3e0dfeac6384f4e7187bd8216cd41aa	1	2	pending	migrate:t1-pilot 2026-08-22 (commit 해시는 검수 패키지 단계 ⑦에서 기입)
agent-design-review-db	s003	8116b715e4ba6a02e1fa4859606610060743bf0afc0e6bf391cb4012c1b71193	graph	8116b715e4ba6a02e1fa4859606610060743bf0afc0e6bf391cb4012c1b71193	5	8	pending	migrate:t1-pilot 2026-08-22 (commit 해시는 검수 패키지 단계 ⑦에서 기입)
agent-design-review-db	s004	31f05a7f45386fb1b6734c89fff06f80f555f615e72dc17c87a26b2416ac24e9	graph	31f05a7f45386fb1b6734c89fff06f80f555f615e72dc17c87a26b2416ac24e9	9	28	pending	migrate:t1-pilot 2026-08-22 (commit 해시는 검수 패키지 단계 ⑦에서 기입)
agent-design-review-db	s005	eff53e376c702c07aad482faa83b6d34aa7ae100d3fd46c720588fdd70ffb359	graph	eff53e376c702c07aad482faa83b6d34aa7ae100d3fd46c720588fdd70ffb359	3	3	pending	migrate:t1-pilot 2026-08-22 (commit 해시는 검수 패키지 단계 ⑦에서 기입)
agent-design-review-ddd	s001	7acd787296d3862dd0f308a351a9e9598db36acb38f1415f199b9bb13550ca1a	graph	7acd787296d3862dd0f308a351a9e9598db36acb38f1415f199b9bb13550ca1a	6	4	pending	migrate:t1-pilot 2026-08-22 (commit 해시는 검수 패키지 단계 ⑦에서 기입)
agent-design-review-ddd	s002	849bfc02fb9944c89780ad1e01696330c3e0dfeac6384f4e7187bd8216cd41aa	graph	849bfc02fb9944c89780ad1e01696330c3e0dfeac6384f4e7187bd8216cd41aa	1	2	pending	migrate:t1-pilot 2026-08-22 (commit 해시는 검수 패키지 단계 ⑦에서 기입)
agent-design-review-ddd	s003	12a44567c0c5717838a6760e3c9b8cf295241a45b98751e9c9d2f35c48d305ae	graph	12a44567c0c5717838a6760e3c9b8cf295241a45b98751e9c9d2f35c48d305ae	6	12	pending	migrate:t1-pilot 2026-08-22 (commit 해시는 검수 패키지 단계 ⑦에서 기입)
agent-design-review-ddd	s004	9b11fffe0b08d9b523b200472423e98c386f229c05dd5d1cbdbff4ec81269667	graph	9b11fffe0b08d9b523b200472423e98c386f229c05dd5d1cbdbff4ec81269667	8	16	pending	migrate:t1-pilot 2026-08-22 (commit 해시는 검수 패키지 단계 ⑦에서 기입)
agent-design-review-ddd	s005	e2482b4586f1df119762efd6bd2848bd9c948d7cf113422f26c51778f7d9c138	graph	e2482b4586f1df119762efd6bd2848bd9c948d7cf113422f26c51778f7d9c138	3	3	pending	migrate:t1-pilot 2026-08-22 (commit 해시는 검수 패키지 단계 ⑦에서 기입)
discipline-houserules-final	s010	01d45b436cc4ffdafb54a89773c76ea81fdbb59e27fe1b0c553d43f2b05a4f80	graph	-	-	-	-	rebaseline:2026-08-24 R-3217 리비전 2(명확화) 재투영 — #429 celery.py «채택» 전제를 정본 트리(표준) 수준으로 명확화(개별 프로젝트 채택 여부 아님·미채택 프로젝트의 빈 celery.py = #488 준수 정상 상태)
agent-design-architect	s005	4d256609b1db4e2f2cc2ac142e5370a8caa40e5fd0ac203e5a69cbb2e14bbf3a	graph	-	-	-	-	rebaseline:2026-08-24 R-1699 리비전 2(개정) 재투영 — OHS 계약의 보조 자료 타입 결정 항목 추가(주 계약 어노테이션 참조 공개 dataclass·계약 어휘 접미 금지·공유는 한 파일 정의+계약 간 import — kkebi billing 에스컬레이션 정합화)
implementation-django-ninja-final	s023-6.2	34ccb006fbafa38b47fac1b6ea02b74e184cebe7d9121f21538c63d615c57caa	graph	-	-	-	-	rebaseline:2026-08-24 R-3401 신설 재투영 — concrete field 단일값 Literal 좁힘+동일 default 병존 canon 예외(무인자 계약 불변·plain `=` 한정 — kkebi tarot 정합화·§3.1 이벤트 discriminator 동형)
implementation-django-ninja-skill	s004	326d9ac88e49051ab911414074ee3a61f82e989c7f4b8341755ab789f49f9e6a	graph	-	-	-	-	rebaseline:2026-08-24 R-2921 리비전 2(명확화) 재투영 — b6 «보존» 압축문에 §6.2 병존 좁힘 예외 단서(R-3401 정합화)
implementation-django-ninja-final	s023-6.2	87f0df8d9faeabf0861b3917e425240296bc895ba321b1a897c84d8df278ed77	graph	-	-	-	-	rebaseline:2026-08-25 R-0029·R-2918 리비전 2 재투영 — 공통 오류 모듈 승인 대체 정본 경로(framework/django_ninja/error_schema.py) 가산·정본 이중화 금지(#417 부칙·kkebi STOP 08-23 승인 경로 인정)
implementation-django-ninja-skill	s004	4b48ccad8369fd8d1acf6adf2a2298121f051857903c3d8f133c1cb1e6f0a8bc	graph	-	-	-	-	rebaseline:2026-08-25 R-0029·R-2918 리비전 2 재투영 — 공통 오류 모듈 승인 대체 정본 경로(framework/django_ninja/error_schema.py) 가산·정본 이중화 금지(#417 부칙·kkebi STOP 08-23 승인 경로 인정)
implementation-django-ninja-final	s023-6.2	34ccb006fbafa38b47fac1b6ea02b74e184cebe7d9121f21538c63d615c57caa	graph	-	-	-	-	rebaseline:2026-08-25 R-0029·R-2918 리비전 3 재투영 — 승인 대체 경로(framework/django_ninja/error_schema.py) 철회·단일 정본 복원(판정 ⑫ — tarot 제품이 정본 경로로 전환하므로 원인 소멸)
implementation-django-ninja-skill	s004	326d9ac88e49051ab911414074ee3a61f82e989c7f4b8341755ab789f49f9e6a	graph	-	-	-	-	rebaseline:2026-08-25 R-0029·R-2918 리비전 3 재투영 — 승인 대체 경로(framework/django_ninja/error_schema.py) 철회·단일 정본 복원(판정 ⑫ — tarot 제품이 정본 경로로 전환하므로 원인 소멸)
implementation-django-ninja-final	s009-2.2	ad7f5d223bfba19fd65591c92ca054474b82d4911bc8dad0972364320a82a70b	graph	-	-	-	-	rebaseline:2026-08-25 #63 개정 재투영 — response= 선언은 반환 오류 타입 그대로(concrete·Union·명시값 base) + registrar 인자 타입 축자(R-3402) — 2026-08-25 tarot 잔존 판정
implementation-django-ninja-final	s010-2.3	dcb3b989646bd61775720ee113795b5811b9695e97b046468070d1ccf02c88b3	graph	-	-	-	-	rebaseline:2026-08-25 #63 개정 재투영 — response= 선언은 반환 오류 타입 그대로(concrete·Union·명시값 base) + registrar 인자 타입 축자(R-3402) — 2026-08-25 tarot 잔존 판정
implementation-django-ninja-final	s023-6.2	8a30d9cc25ad878938c08bd40b8fdaff969a564494441af1862c98b4d8ba0042	graph	-	-	-	-	rebaseline:2026-08-25 #63 개정 재투영 — response= 선언은 반환 오류 타입 그대로(concrete·Union·명시값 base) + registrar 인자 타입 축자(R-3402) — 2026-08-25 tarot 잔존 판정
implementation-django-ninja-skill	s004	71c1d02026c34c486371d1e6e9ecff8f34bf68d60ace2848489d44e684059a1a	graph	-	-	-	-	rebaseline:2026-08-25 #63 개정·registrar 인자 타입 축자 재투영(R-2929 리비전 2·R-2935 리비전 2)
agent-discipline-reviewer	s005	639b0f9a9526acf9f2fe7878a70524d12ed5145af7e0ae127fb70a612570aead	graph	-	-	-	-	rebaseline:2026-08-25 #63 개정(규율 5) + migration 전용 테스트 절대 규칙화 재투영(R-1010·R-0896·R-0925 리비전 2)
agent-discipline-reviewer	s007	0072c1c2aee9acdb894da6316f5e2630426f26cb60f98d7f8375cc55e9ba5a63	graph	-	-	-	-	rebaseline:2026-08-25 #63 개정(규율 5) + migration 전용 테스트 절대 규칙화 재투영(R-1010·R-0896·R-0925 리비전 2)
command-dddjango	s007	b0135cfa93c2ce861fdc8830b363685e4b7cbdd8bc5e7d27e41f629073ac1416	graph	-	-	-	-	rebaseline:2026-08-25 registry #5 문구 — 반환 타입 그대로의 response 선언 대조(R-0339 리비전 2)
discipline-tdd-final	s025-5.5	5ac698f7759f1db7732724ca037769943b5fe752c355e345997c22b6b621453a	graph	-	-	-	-	rebaseline:2026-08-25 migration 전용 테스트 절대 규칙화 재투영(R-2183 리비전 2·R-2184 Obligation 재정의·check-test-config #637)
discipline-tdd-skill	s004	1b9c0f605177cdaa67f44044bee1bc3e36b9affdfd1b088946b119b0bde322fe	graph	-	-	-	-	rebaseline:2026-08-25 migration 전용 테스트 절대 규칙화 재투영(R-3069 리비전 2)
agent-coder	s004	cab8e4648efa002ef2a6490bdab9f4a42bc5b94545b099dbc068ea13df757007	graph	-	-	-	-	rebaseline:2026-08-25 migration 전용 테스트 절대 규칙화 재투영(R-2511·R-2512 리비전 2)
agent-acceptance-tester	s004	62e6f81aa88649cfb9bb1c30efd7aea77b7477ba6484d8fe2c870208b877fc1d	graph	-	-	-	-	rebaseline:2026-08-25 migration 전용 테스트 절대 규칙화 재투영(R-3265 Obligation 재정의)
implementation-django-ninja-final	s009-2.2	72bff839540e1de5b8fff88c44e4d62dffeb2beabdd14937afaf359c7ec4ec0c	graph	-	-	-	-	rebaseline:2026-08-26 failed Result/outcome path 정리 재투영 — `None` path 로 좁힘(R-0694·R-0695 리비전 2)
implementation-django-ninja-final	s023-6.2	eea3437cd68881f99c251b269d9d7e2e7610dd2dbbae9847a20e99fb6c0d3a8f	graph	-	-	-	-	rebaseline:2026-08-26 failed Result/outcome path 정리 재투영 — `None` path 로 좁힘·#571 위반 예시 교체(R-0058·R-0059·R-0060·R-0064·R-0065 리비전 2)
agent-coder	s004	e219ed1b22acb809f4ea9ba43778750c03273ac654a2b8f3c2e28bf880448299	graph	-	-	-	-	rebaseline:2026-08-26 failed Result/outcome path 정리 재투영 — `None` path 로 좁힘(R-2542·R-2561·R-2562·R-2563 리비전 2)
agent-design-architect	s005	06511c0f0ee61e30c2612cf012ee38ce8dbf357fbc1e8607e964468687a156ef	graph	-	-	-	-	rebaseline:2026-08-26 failed Result/outcome path 정리 재투영 — `None` path 로 좁힘(R-1614·R-1619·R-1621·R-1653 리비전 2)
agent-design-review-api	s006	fb61370fefe8deb90192068b88186812d9939ab3a648dbc2ff73c43c70cab5da	graph	-	-	-	-	rebaseline:2026-08-26 failed Result/outcome path 정리 재투영 — `None` path 로 좁힘(R-2674·R-2679·R-2681 리비전 2)
agent-discipline-reviewer	s007	668efa51b36779fc743f1a8295b0f305a7c9c9936d47cef420f753c616437075	graph	-	-	-	-	rebaseline:2026-08-26 failed Result/outcome path 정리 재투영 — `None` path 로 좁힘(R-1001 리비전 2)
discipline-cleancode-final	s092-12.2	2d828d5a1ac1165e9e43fe162ddfbe4b97ef664ad6f97827866b3295eee49ce4	graph	-	-	-	-	rebaseline:2026-08-26 failed Result/outcome path 정리 재투영 — 경계 단서 — 조회 `None` 답·Result 값 반환 금지(R-1490 리비전 2)
implementation-python-final	s032-4.4	f7951cd3432359d367cb96b26646c668fc91e3c70f04588ae035ea4ec95aaa61	graph	-	-	-	-	rebaseline:2026-08-26 failed Result/outcome path 정리 재투영 — 경계 단서 — 조회 `None` 답(R-2720 리비전 2)
agent-design-architect	s005	61023458faf9737d3e15a4c47b3939a821c208e8952717fa13a447f508419bed	graph	-	-	-	-	rebaseline:2026-09-01 신규 표면 스택 STOP 봉합 재투영 — R-1645·R-0180 redefinition·R-0698 amendment·R-1980 clarification·R-3403~R-3405 신설
implementation-django-ninja-final	s010-2.3	dfa1fbf7242e9a4a7101768243435bb297b8d434fcf7b72c09ca8cde7195b117	graph	-	-	-	-	rebaseline:2026-09-01 신규 표면 스택 STOP 봉합 재투영 — R-1645·R-0180 redefinition·R-0698 amendment·R-1980 clarification·R-3403~R-3405 신설
architecture-api-final	s024-5.4	737b53ad000f8ec968c84fff6f0a29bd8038195f0dfbbb7fd9cbb9d655e809ed	graph	-	-	-	-	rebaseline:2026-09-01 신규 표면 스택 STOP 봉합 재투영 — R-1645·R-0180 redefinition·R-0698 amendment·R-1980 clarification·R-3403~R-3405 신설
command-dddjango	s005	2f893267df9835f244660545d92bbdc251b53b3223a6032ac96bdcf10fc2e7f1	graph	-	-	-	-	rebaseline:2026-09-01 신규 표면 스택 STOP 봉합 재투영 — R-1645·R-0180 redefinition·R-0698 amendment·R-1980 clarification·R-3403~R-3405 신설
agent-discipline-reviewer	s002	1c2f3bc7224d3b9592ee91c927387852110bed9ec8a3deea1bbd8629a668a7fb	graph	-	-	-	-	rebaseline:2026-09-01 신규 표면 스택 STOP 봉합 재투영 — R-1645·R-0180 redefinition·R-0698 amendment·R-1980 clarification·R-3403~R-3405 신설
agent-coder	s004	eb0c11c3b513b7c888419d7fd36f45b71ecdd42130df78db52261153df1dd30f	graph	-	-	-	-	rebaseline:2026-09-01 신규 표면 스택 STOP 봉합 재투영 — R-1645·R-0180 redefinition·R-0698 amendment·R-1980 clarification·R-3403~R-3405 신설
discipline-houserules-final	s003-0	1d92baf4f8ed28c0a9650acbf64e4ab549da5cc722439161b77a84773046c9ee	graph	-	-	-	-	rebaseline:2026-09-01 동명 폴더 승격 규범화 재투영 — R-3406~R-3422 신설·리비전 17건(교체형·캐스케이드·감사 주도·등가 조항)
discipline-houserules-final	s008	f27379c4355b49c81a7dcc1c56532e0d103dca2d3a8405b64945b83b2ff9f02d	graph	-	-	-	-	rebaseline:2026-09-01 동명 폴더 승격 규범화 재투영 — R-3406~R-3422 신설·리비전 17건(교체형·캐스케이드·감사 주도·등가 조항)
discipline-houserules-skill	s004-1	1deda492d216b6a0bd9cf921ead4f14c86be0aa6799e81cc1e7a886292327737	graph	-	-	-	-	rebaseline:2026-09-01 동명 폴더 승격 규범화 재투영 — R-3406~R-3422 신설·리비전 17건(교체형·캐스케이드·감사 주도·등가 조항)
discipline-houserules-skill	s005-2	58ee3fce1f99d2babe2f85e7c8395a3cca63109dae8d4b5d184578a812a16a4a	graph	-	-	-	-	rebaseline:2026-09-01 동명 폴더 승격 규범화 재투영 — R-3406~R-3422 신설·리비전 17건(교체형·캐스케이드·감사 주도·등가 조항)
agent-coder	s004	15763ea92bb87e73fbe2f9b1740be93afa9e8b8c24bcbc1a2d855d1dab9c9060	graph	-	-	-	-	rebaseline:2026-09-01 동명 폴더 승격 규범화 재투영 — R-3406~R-3422 신설·리비전 17건(교체형·캐스케이드·감사 주도·등가 조항)
agent-discipline-reviewer	s002	4ebf2636d861ab42ec718e5cdb8b9043421e2a67c6f4a3f805800a3e0eadf190	graph	-	-	-	-	rebaseline:2026-09-01 동명 폴더 승격 규범화 재투영 — R-3406~R-3422 신설·리비전 17건(교체형·캐스케이드·감사 주도·등가 조항)
agent-discipline-reviewer	s007	8a3374e0109d6741cf92d37e1eaca79b76894433799b78c46f67541c7f3342fd	graph	-	-	-	-	rebaseline:2026-09-01 동명 폴더 승격 규범화 재투영 — R-3406~R-3422 신설·리비전 17건(교체형·캐스케이드·감사 주도·등가 조항)
agent-design-architect	s005	9780663ede10280c36aa7c4ae2035c65cf1cbd7f32ee62939926163b733f3165	graph	-	-	-	-	rebaseline:2026-09-01 동명 폴더 승격 규범화 재투영 — R-3406~R-3422 신설·리비전 17건(교체형·캐스케이드·감사 주도·등가 조항)
command-dddjango	s003	e43def7906ff9584d85eccd51f11ef635928bd068a52879f9b46a55e12e08fc7	graph	-	-	-	-	rebaseline:2026-09-01 동명 폴더 승격 규범화 재투영 — R-3406~R-3422 신설·리비전 17건(교체형·캐스케이드·감사 주도·등가 조항)
command-dddjango	s007	5672dd1e0eb704d86db2446ee2a9430e6b0b07a11c6cf1bcd89890a0bfefb9a8	graph	-	-	-	-	rebaseline:2026-09-01 동명 폴더 승격 규범화 재투영 — R-3406~R-3422 신설·리비전 17건(교체형·캐스케이드·감사 주도·등가 조항)
discipline-houserules-final	s018-5	8f4da3f8e50718812d4ce9c957c76d59e3ebd6d62ecb86aa1577db70cd816963	graph	-	-	-	-	baseline:2026-09-01 리비전 10호 — §5 driven 출구 면제 성문 채번(R-3423 신설·문서 말미 s018-5·밀림 0·#328/#462 공동 집행)
implementation-django-ninja-final	s009-2.2	fd54c87f2f42285937a44652b9c602f2860d2001c970911506d54f14d1551c0b	graph	-	-	-	-	rebaseline:2026-09-01 리비전 10호 — #63 성공 메타데이터 보충 허용 amendment(R-0089·R-0683·R-2932·R-0339 rev+1·fail-closed)
implementation-django-ninja-final	s023-6.2	11b862b4cbcab5bf329b7fa3939e97c6813446543bbb1604ebd2f60b4ad2eba2	graph	-	-	-	-	rebaseline:2026-09-01 리비전 10호 — #63 성공 메타데이터 보충 허용 amendment(R-0089·R-0683·R-2932·R-0339 rev+1·fail-closed)
implementation-django-ninja-skill	s004	0cef10aeeb36e0e061bbe0faebe15857315a9077f9e3632b83ccbc95c2829ff8	graph	-	-	-	-	rebaseline:2026-09-01 리비전 10호 — #63 성공 메타데이터 보충 허용 amendment(R-0089·R-0683·R-2932·R-0339 rev+1·fail-closed)
command-dddjango	s007	8be6e01a8a359f7a51b78bbdf0c949223a90725609800a1aef6c3ffdf2f2b592	graph	-	-	-	-	rebaseline:2026-09-01 리비전 10호 — #63 성공 메타데이터 보충 허용 amendment(R-0089·R-0683·R-2932·R-0339 rev+1·fail-closed)
discipline-houserules-skill	s004-1	df29607afcca21e701ef3a04f3c025bf2a442fb6e3f33ff4a11fa8688d0c6b69	graph	-	-	-	-	rebaseline:2026-09-01 리비전 10호 — 승격 집행 전 모듈 객체 참조처 조사 의무(R-3417 rev2 amendment — 패치 표면 비보증·chat_relay G0 실증)
command-dddjango	s002	6466305f7fc9cdf4356a2426604b5f3f11a05fe735d1b663133f5762b7b44f3b	graph	-	-	-	-	rebaseline:2026-09-01 pre-gate 성문 — R-3424~R-3438 신설·리비전 5건(R-0191·R-0243·R-0287·R-0419·R-0442 rev2 amendment)
command-dddjango	s003	d1b60388b4299b345d77266c09490096e76ea8aeee42f4976e0d9d8cf1b95831	graph	-	-	-	-	rebaseline:2026-09-01 pre-gate 성문 — R-3424~R-3438 신설·리비전 5건(R-0191·R-0243·R-0287·R-0419·R-0442 rev2 amendment)
command-dddjango	s005	9c4beb1f5241d56473e1346fd5d3a704ce75b513bb655817a8870d85ad52d1b0	graph	-	-	-	-	rebaseline:2026-09-01 pre-gate 성문 — R-3424~R-3438 신설·리비전 5건(R-0191·R-0243·R-0287·R-0419·R-0442 rev2 amendment)
command-dddjango	s006	2b5dc9d57be956e62618ecaafa8487788173400a86c34e7ae401073963dc147c	graph	-	-	-	-	rebaseline:2026-09-01 pre-gate 성문 — R-3424~R-3438 신설·리비전 5건(R-0191·R-0243·R-0287·R-0419·R-0442 rev2 amendment)
command-dddjango	s007	da1ed039cad2f9de44f48e5522d9a29fdd2133d33b505d09e2a2d88c4b97b963	graph	-	-	-	-	rebaseline:2026-09-01 pre-gate 성문 — R-3424~R-3438 신설·리비전 5건(R-0191·R-0243·R-0287·R-0419·R-0442 rev2 amendment)
command-dddjango	s009	964ac96a22a17d57d8e4cf6c05f617585dd76a2bd862dc03ad50917434177068	graph	-	-	-	-	rebaseline:2026-09-01 pre-gate 성문 — R-3424~R-3438 신설·리비전 5건(R-0191·R-0243·R-0287·R-0419·R-0442 rev2 amendment)
command-dddjango	s010	bcccb5eb0bc77a8d5a2c4065a0131aed2e90e327cda1180d1df5d3cd585eb43a	graph	-	-	-	-	rebaseline:2026-09-01 pre-gate 성문 — R-3424~R-3438 신설·리비전 5건(R-0191·R-0243·R-0287·R-0419·R-0442 rev2 amendment)
agent-design-architect	s005	3d4948a4dd5931fc4736061fff4b577d1fcfbc79cf9fe24c3583baba3ef171c2	graph	-	-	-	-	rebaseline:2026-09-01 pre-gate 성문 — R-3424~R-3438 신설·리비전 5건(R-0191·R-0243·R-0287·R-0419·R-0442 rev2 amendment)
command-dddjango	s006	b59223c54314124d683a9fcc9b53d47088b9d405ab40b2dbf1fa63d8c84b235b	graph	-	-	-	-	rebaseline:2026-09-02 pre-gate 수리 — R-3433·R-3426 rev2 amendment(처분 라벨 닫힌 정의·값 축 유도 2행·수신자 관용)
agent-design-architect	s005	7974d5350ef9cf1329923e59f64a3d159cdecc53077e362a37c98300a2e496a8	graph	-	-	-	-	rebaseline:2026-09-02 pre-gate 수리 — R-3433·R-3426 rev2 amendment(처분 라벨 닫힌 정의·값 축 유도 2행·수신자 관용)
command-dddjango	s005	12038b3173656ac905a7980acb3acc85809b32330c8d5eac7cae0ad0ed712eb4	graph	-	-	-	-	rebaseline:2026-09-03 수리 배치 2 Part 1 — R-3426 rev3·R-3432 rev2(s006/b10 신설) amendment · R-0192 rev2·R-0365 rev3·R-0287/0419/0442 rev3 clarification
command-dddjango	s006	f6f5d7cac17b831d3294764a2554b807616baac40f334602a44757b43a636ece	graph	-	-	-	-	rebaseline:2026-09-03 수리 배치 2 Part 1 — R-3426 rev3·R-3432 rev2(s006/b10 신설) amendment · R-0192 rev2·R-0365 rev3·R-0287/0419/0442 rev3 clarification
command-dddjango	s007	94514bf016097df4669e68e9e41e55f8ecff5f76dbc5cd286a23740e7a90819c	graph	-	-	-	-	rebaseline:2026-09-03 수리 배치 2 Part 1 — R-3426 rev3·R-3432 rev2(s006/b10 신설) amendment · R-0192 rev2·R-0365 rev3·R-0287/0419/0442 rev3 clarification
command-dddjango	s009	ae3e40433af770815f918edb61af47878cd193968ee3074fc0637d04163d5801	graph	-	-	-	-	rebaseline:2026-09-03 수리 배치 2 Part 1 — R-3426 rev3·R-3432 rev2(s006/b10 신설) amendment · R-0192 rev2·R-0365 rev3·R-0287/0419/0442 rev3 clarification
command-dddjango	s010	2796909b02118fafa476353069ebb05034175d046d2f8f5d6c078c24363995cf	graph	-	-	-	-	rebaseline:2026-09-03 수리 배치 2 Part 1 — R-3426 rev3·R-3432 rev2(s006/b10 신설) amendment · R-0192 rev2·R-0365 rev3·R-0287/0419/0442 rev3 clarification
agent-design-architect	s005	e359e5a57850af0cbffd7c2a06a0e908f5d84b8e017bdda389f0adc081914bac	graph	-	-	-	-	rebaseline:2026-09-03 수리 배치 2 Part 1 — R-3426 rev3·R-3432 rev2(s006/b10 신설) amendment · R-0192 rev2·R-0365 rev3·R-0287/0419/0442 rev3 clarification
command-dddjango	s002	319083a29bd2bb9c7402fd7e6bef920d466466c206025e41668d492049223974	graph	-	-	-	-	rebaseline:2026-09-03 수리 배치 2 Part 2 — R-0306/R-3131 rev2·R-0372/R-0411 rev2 amendment · R-0307/R-3132 rev2 clarification · 신규 R-3439(s002/b9)·R-3440/R-3441(s007/b58) · houserules §3 신호 +1행(s006-3/b8)
command-dddjango	s007	66545a7b149f1616ea1b9321dac4555e3e3e54c4d8df39e0be5560e855a53cd9	graph	-	-	-	-	rebaseline:2026-09-03 수리 배치 2 Part 2 — R-0306/R-3131 rev2·R-0372/R-0411 rev2 amendment · R-0307/R-3132 rev2 clarification · 신규 R-3439(s002/b9)·R-3440/R-3441(s007/b58) · houserules §3 신호 +1행(s006-3/b8)
discipline-houserules-skill	s004-1	6be9cc7fc499d858f20458e0fc425821e8d5d2b7da612a8d3e89dcc2dfa97484	graph	-	-	-	-	rebaseline:2026-09-03 수리 배치 2 Part 2 — R-0306/R-3131 rev2·R-0372/R-0411 rev2 amendment · R-0307/R-3132 rev2 clarification · 신규 R-3439(s002/b9)·R-3440/R-3441(s007/b58) · houserules §3 신호 +1행(s006-3/b8)
discipline-houserules-skill	s006-3	f8a2356742d0e27b6e2ceedadbd2cf467a9ab63c4fd26aa40381dccd322aa329	graph	-	-	-	-	rebaseline:2026-09-03 수리 배치 2 Part 2 — R-0306/R-3131 rev2·R-0372/R-0411 rev2 amendment · R-0307/R-3132 rev2 clarification · 신규 R-3439(s002/b9)·R-3440/R-3441(s007/b58) · houserules §3 신호 +1행(s006-3/b8)
command-dddjango	s002	b84156dddaaae02dc6c2405b37cce37de3b1b3cb1f7a69c315d88deaab0d1cf3	graph	-	-	-	-	rebaseline:2026-09-03 수리 배치 2 Part 3 — R-3427 rev2(s005/b36)·R-3433 rev3/R-3434 rev2(s006/b9)·R-3437 rev2(s003/b10)·R-3438 rev2(s002/b8) amendment — 계약 실존 3단 채널
command-dddjango	s003	3d7b9f16bde5be4d2e33cbc5a730b8210cebe7f01c4bc27d9aaa2cefe35046bf	graph	-	-	-	-	rebaseline:2026-09-03 수리 배치 2 Part 3 — R-3427 rev2(s005/b36)·R-3433 rev3/R-3434 rev2(s006/b9)·R-3437 rev2(s003/b10)·R-3438 rev2(s002/b8) amendment — 계약 실존 3단 채널
command-dddjango	s006	e8cea76eb65553420358496e1cf47527dfc3377d695b05f7272b3be95097f8e6	graph	-	-	-	-	rebaseline:2026-09-03 수리 배치 2 Part 3 — R-3427 rev2(s005/b36)·R-3433 rev3/R-3434 rev2(s006/b9)·R-3437 rev2(s003/b10)·R-3438 rev2(s002/b8) amendment — 계약 실존 3단 채널
agent-design-architect	s005	be8039bd39dcbe580cfcb1e034510f774fdd70f5b5603a65e457e0d99a5999f6	graph	-	-	-	-	rebaseline:2026-09-03 수리 배치 2 Part 3 — R-3427 rev2(s005/b36)·R-3433 rev3/R-3434 rev2(s006/b9)·R-3437 rev2(s003/b10)·R-3438 rev2(s002/b8) amendment — 계약 실존 3단 채널
